--
-- PostgreSQL database dump
--

\restrict dRam1sSalPXglz91CgdmeaklwqkRZqHKPqF9liBGXwU2c4oEjxSCXjc5SumQU5W

-- Dumped from database version 14.20 (Debian 14.20-1.pgdg13+1)
-- Dumped by pg_dump version 14.20 (Debian 14.20-1.pgdg13+1)

SET statement_timeout = 0;
SET lock_timeout = 0;
SET idle_in_transaction_session_timeout = 0;
SET client_encoding = 'UTF8';
SET standard_conforming_strings = on;
SELECT pg_catalog.set_config('search_path', '', false);
SET check_function_bodies = false;
SET xmloption = content;
SET client_min_messages = warning;
SET row_security = off;

SET default_tablespace = '';

SET default_table_access_method = heap;

--
-- Name: auth_group; Type: TABLE; Schema: public; Owner: postgres
--

CREATE TABLE public.auth_group (
    id integer NOT NULL,
    name character varying(150) NOT NULL
);


ALTER TABLE public.auth_group OWNER TO postgres;

--
-- Name: auth_group_id_seq; Type: SEQUENCE; Schema: public; Owner: postgres
--

ALTER TABLE public.auth_group ALTER COLUMN id ADD GENERATED BY DEFAULT AS IDENTITY (
    SEQUENCE NAME public.auth_group_id_seq
    START WITH 1
    INCREMENT BY 1
    NO MINVALUE
    NO MAXVALUE
    CACHE 1
);


--
-- Name: auth_group_permissions; Type: TABLE; Schema: public; Owner: postgres
--

CREATE TABLE public.auth_group_permissions (
    id bigint NOT NULL,
    group_id integer NOT NULL,
    permission_id integer NOT NULL
);


ALTER TABLE public.auth_group_permissions OWNER TO postgres;

--
-- Name: auth_group_permissions_id_seq; Type: SEQUENCE; Schema: public; Owner: postgres
--

ALTER TABLE public.auth_group_permissions ALTER COLUMN id ADD GENERATED BY DEFAULT AS IDENTITY (
    SEQUENCE NAME public.auth_group_permissions_id_seq
    START WITH 1
    INCREMENT BY 1
    NO MINVALUE
    NO MAXVALUE
    CACHE 1
);


--
-- Name: auth_permission; Type: TABLE; Schema: public; Owner: postgres
--

CREATE TABLE public.auth_permission (
    id integer NOT NULL,
    name character varying(255) NOT NULL,
    content_type_id integer NOT NULL,
    codename character varying(100) NOT NULL
);


ALTER TABLE public.auth_permission OWNER TO postgres;

--
-- Name: auth_permission_id_seq; Type: SEQUENCE; Schema: public; Owner: postgres
--

ALTER TABLE public.auth_permission ALTER COLUMN id ADD GENERATED BY DEFAULT AS IDENTITY (
    SEQUENCE NAME public.auth_permission_id_seq
    START WITH 1
    INCREMENT BY 1
    NO MINVALUE
    NO MAXVALUE
    CACHE 1
);


--
-- Name: cabinet_complication; Type: TABLE; Schema: public; Owner: postgres
--

CREATE TABLE public.cabinet_complication (
    id bigint NOT NULL,
    created_at timestamp with time zone NOT NULL,
    updated_at timestamp with time zone NOT NULL,
    name character varying(150) NOT NULL
);


ALTER TABLE public.cabinet_complication OWNER TO postgres;

--
-- Name: cabinet_complication_id_seq; Type: SEQUENCE; Schema: public; Owner: postgres
--

ALTER TABLE public.cabinet_complication ALTER COLUMN id ADD GENERATED BY DEFAULT AS IDENTITY (
    SEQUENCE NAME public.cabinet_complication_id_seq
    START WITH 1
    INCREMENT BY 1
    NO MINVALUE
    NO MAXVALUE
    CACHE 1
);


--
-- Name: cabinet_complicationgroup; Type: TABLE; Schema: public; Owner: postgres
--

CREATE TABLE public.cabinet_complicationgroup (
    id bigint NOT NULL,
    created_at timestamp with time zone NOT NULL,
    updated_at timestamp with time zone NOT NULL,
    name character varying(150) NOT NULL,
    slug character varying(150) NOT NULL
);


ALTER TABLE public.cabinet_complicationgroup OWNER TO postgres;

--
-- Name: cabinet_complicationgroup_complications; Type: TABLE; Schema: public; Owner: postgres
--

CREATE TABLE public.cabinet_complicationgroup_complications (
    id bigint NOT NULL,
    complicationgroup_id bigint NOT NULL,
    complication_id bigint NOT NULL
);


ALTER TABLE public.cabinet_complicationgroup_complications OWNER TO postgres;

--
-- Name: cabinet_complicationgroup_complications_id_seq; Type: SEQUENCE; Schema: public; Owner: postgres
--

ALTER TABLE public.cabinet_complicationgroup_complications ALTER COLUMN id ADD GENERATED BY DEFAULT AS IDENTITY (
    SEQUENCE NAME public.cabinet_complicationgroup_complications_id_seq
    START WITH 1
    INCREMENT BY 1
    NO MINVALUE
    NO MAXVALUE
    CACHE 1
);


--
-- Name: cabinet_complicationgroup_id_seq; Type: SEQUENCE; Schema: public; Owner: postgres
--

ALTER TABLE public.cabinet_complicationgroup ALTER COLUMN id ADD GENERATED BY DEFAULT AS IDENTITY (
    SEQUENCE NAME public.cabinet_complicationgroup_id_seq
    START WITH 1
    INCREMENT BY 1
    NO MINVALUE
    NO MAXVALUE
    CACHE 1
);


--
-- Name: cabinet_medicalcard; Type: TABLE; Schema: public; Owner: postgres
--

CREATE TABLE public.cabinet_medicalcard (
    id bigint NOT NULL,
    created_at timestamp with time zone NOT NULL,
    updated_at timestamp with time zone NOT NULL,
    first_name character varying(150) NOT NULL,
    last_name character varying(150) NOT NULL,
    middle_name character varying(150) NOT NULL,
    gender character varying NOT NULL,
    birthday date NOT NULL,
    degree_of_stenosis_of_the_internal_carotid_artery character varying NOT NULL,
    stenosis_degree_of_the_contralateral_internal_carotid_artery character varying NOT NULL,
    calcinosis character varying NOT NULL,
    abnormal_tortuosity_internal_carotid_artery character varying NOT NULL,
    symptoms_of_internal_carotid_artery_stenosis boolean NOT NULL,
    chronic_cerebrovascular_insufficiency character varying NOT NULL,
    angina_pectoris_fc character varying NOT NULL,
    has_previous_myocardial_infraction boolean NOT NULL,
    has_heart_rhythm_disturbances boolean NOT NULL,
    chronic_heart_failure character varying NOT NULL,
    functional_class_nyha character varying NOT NULL,
    has_diabetes boolean NOT NULL,
    chronic_obstructive_pulmonary_disease character varying NOT NULL,
    history_of_oncological_cancer character varying NOT NULL,
    created_by_id bigint,
    is_test boolean NOT NULL
);


ALTER TABLE public.cabinet_medicalcard OWNER TO postgres;

--
-- Name: cabinet_medicalcard_id_seq; Type: SEQUENCE; Schema: public; Owner: postgres
--

ALTER TABLE public.cabinet_medicalcard ALTER COLUMN id ADD GENERATED BY DEFAULT AS IDENTITY (
    SEQUENCE NAME public.cabinet_medicalcard_id_seq
    START WITH 1
    INCREMENT BY 1
    NO MINVALUE
    NO MAXVALUE
    CACHE 1
);


--
-- Name: cabinet_prediction; Type: TABLE; Schema: public; Owner: postgres
--

CREATE TABLE public.cabinet_prediction (
    id bigint NOT NULL,
    created_at timestamp with time zone NOT NULL,
    updated_at timestamp with time zone NOT NULL,
    probability numeric(5,2) NOT NULL,
    complication_group_id bigint,
    ml_model_id bigint NOT NULL,
    prediction_run_id bigint NOT NULL,
    stenting_type_id bigint NOT NULL
);


ALTER TABLE public.cabinet_prediction OWNER TO postgres;

--
-- Name: cabinet_prediction_id_seq; Type: SEQUENCE; Schema: public; Owner: postgres
--

ALTER TABLE public.cabinet_prediction ALTER COLUMN id ADD GENERATED BY DEFAULT AS IDENTITY (
    SEQUENCE NAME public.cabinet_prediction_id_seq
    START WITH 1
    INCREMENT BY 1
    NO MINVALUE
    NO MAXVALUE
    CACHE 1
);


--
-- Name: cabinet_predictionrun; Type: TABLE; Schema: public; Owner: postgres
--

CREATE TABLE public.cabinet_predictionrun (
    id bigint NOT NULL,
    created_at timestamp with time zone NOT NULL,
    updated_at timestamp with time zone NOT NULL,
    status character varying(30) NOT NULL,
    summary_probability numeric(5,2),
    occlusion_time integer,
    anesthesist_id bigint NOT NULL,
    medical_card_id bigint NOT NULL,
    surgeon_id bigint NOT NULL,
    stenting_type_id bigint,
    is_test boolean NOT NULL,
    task_id character varying NOT NULL,
    CONSTRAINT cabinet_predictionrun_occlusion_time_check CHECK ((occlusion_time >= 0))
);


ALTER TABLE public.cabinet_predictionrun OWNER TO postgres;

--
-- Name: cabinet_predictionrun_id_seq; Type: SEQUENCE; Schema: public; Owner: postgres
--

ALTER TABLE public.cabinet_predictionrun ALTER COLUMN id ADD GENERATED BY DEFAULT AS IDENTITY (
    SEQUENCE NAME public.cabinet_predictionrun_id_seq
    START WITH 1
    INCREMENT BY 1
    NO MINVALUE
    NO MAXVALUE
    CACHE 1
);


--
-- Name: cabinet_predictionuser; Type: TABLE; Schema: public; Owner: postgres
--

CREATE TABLE public.cabinet_predictionuser (
    id bigint NOT NULL,
    password character varying(128) NOT NULL,
    last_login timestamp with time zone,
    is_superuser boolean NOT NULL,
    username character varying(150) NOT NULL,
    email character varying(254) NOT NULL,
    is_staff boolean NOT NULL,
    is_active boolean NOT NULL,
    date_joined timestamp with time zone NOT NULL,
    first_name character varying(150) NOT NULL,
    last_name character varying(150) NOT NULL,
    middle_name character varying(150) NOT NULL,
    gender character varying NOT NULL,
    birthday date NOT NULL,
    start_date date NOT NULL
);


ALTER TABLE public.cabinet_predictionuser OWNER TO postgres;

--
-- Name: cabinet_predictionuser_groups; Type: TABLE; Schema: public; Owner: postgres
--

CREATE TABLE public.cabinet_predictionuser_groups (
    id bigint NOT NULL,
    predictionuser_id bigint NOT NULL,
    group_id integer NOT NULL
);


ALTER TABLE public.cabinet_predictionuser_groups OWNER TO postgres;

--
-- Name: cabinet_predictionuser_groups_id_seq; Type: SEQUENCE; Schema: public; Owner: postgres
--

ALTER TABLE public.cabinet_predictionuser_groups ALTER COLUMN id ADD GENERATED BY DEFAULT AS IDENTITY (
    SEQUENCE NAME public.cabinet_predictionuser_groups_id_seq
    START WITH 1
    INCREMENT BY 1
    NO MINVALUE
    NO MAXVALUE
    CACHE 1
);


--
-- Name: cabinet_predictionuser_id_seq; Type: SEQUENCE; Schema: public; Owner: postgres
--

ALTER TABLE public.cabinet_predictionuser ALTER COLUMN id ADD GENERATED BY DEFAULT AS IDENTITY (
    SEQUENCE NAME public.cabinet_predictionuser_id_seq
    START WITH 1
    INCREMENT BY 1
    NO MINVALUE
    NO MAXVALUE
    CACHE 1
);


--
-- Name: cabinet_predictionuser_user_permissions; Type: TABLE; Schema: public; Owner: postgres
--

CREATE TABLE public.cabinet_predictionuser_user_permissions (
    id bigint NOT NULL,
    predictionuser_id bigint NOT NULL,
    permission_id integer NOT NULL
);


ALTER TABLE public.cabinet_predictionuser_user_permissions OWNER TO postgres;

--
-- Name: cabinet_predictionuser_user_permissions_id_seq; Type: SEQUENCE; Schema: public; Owner: postgres
--

ALTER TABLE public.cabinet_predictionuser_user_permissions ALTER COLUMN id ADD GENERATED BY DEFAULT AS IDENTITY (
    SEQUENCE NAME public.cabinet_predictionuser_user_permissions_id_seq
    START WITH 1
    INCREMENT BY 1
    NO MINVALUE
    NO MAXVALUE
    CACHE 1
);


--
-- Name: cabinet_stentingtype; Type: TABLE; Schema: public; Owner: postgres
--

CREATE TABLE public.cabinet_stentingtype (
    id bigint NOT NULL,
    created_at timestamp with time zone NOT NULL,
    updated_at timestamp with time zone NOT NULL,
    name character varying(150) NOT NULL,
    slug character varying(150) NOT NULL
);


ALTER TABLE public.cabinet_stentingtype OWNER TO postgres;

--
-- Name: cabinet_stentingtype_id_seq; Type: SEQUENCE; Schema: public; Owner: postgres
--

ALTER TABLE public.cabinet_stentingtype ALTER COLUMN id ADD GENERATED BY DEFAULT AS IDENTITY (
    SEQUENCE NAME public.cabinet_stentingtype_id_seq
    START WITH 1
    INCREMENT BY 1
    NO MINVALUE
    NO MAXVALUE
    CACHE 1
);


--
-- Name: django_admin_log; Type: TABLE; Schema: public; Owner: postgres
--

CREATE TABLE public.django_admin_log (
    id integer NOT NULL,
    action_time timestamp with time zone NOT NULL,
    object_id text,
    object_repr character varying(200) NOT NULL,
    action_flag smallint NOT NULL,
    change_message text NOT NULL,
    content_type_id integer,
    user_id bigint NOT NULL,
    CONSTRAINT django_admin_log_action_flag_check CHECK ((action_flag >= 0))
);


ALTER TABLE public.django_admin_log OWNER TO postgres;

--
-- Name: django_admin_log_id_seq; Type: SEQUENCE; Schema: public; Owner: postgres
--

ALTER TABLE public.django_admin_log ALTER COLUMN id ADD GENERATED BY DEFAULT AS IDENTITY (
    SEQUENCE NAME public.django_admin_log_id_seq
    START WITH 1
    INCREMENT BY 1
    NO MINVALUE
    NO MAXVALUE
    CACHE 1
);


--
-- Name: django_celery_beat_clockedschedule; Type: TABLE; Schema: public; Owner: postgres
--

CREATE TABLE public.django_celery_beat_clockedschedule (
    id integer NOT NULL,
    clocked_time timestamp with time zone NOT NULL
);


ALTER TABLE public.django_celery_beat_clockedschedule OWNER TO postgres;

--
-- Name: django_celery_beat_clockedschedule_id_seq; Type: SEQUENCE; Schema: public; Owner: postgres
--

ALTER TABLE public.django_celery_beat_clockedschedule ALTER COLUMN id ADD GENERATED BY DEFAULT AS IDENTITY (
    SEQUENCE NAME public.django_celery_beat_clockedschedule_id_seq
    START WITH 1
    INCREMENT BY 1
    NO MINVALUE
    NO MAXVALUE
    CACHE 1
);


--
-- Name: django_celery_beat_crontabschedule; Type: TABLE; Schema: public; Owner: postgres
--

CREATE TABLE public.django_celery_beat_crontabschedule (
    id integer NOT NULL,
    minute character varying(240) NOT NULL,
    hour character varying(96) NOT NULL,
    day_of_week character varying(64) NOT NULL,
    day_of_month character varying(124) NOT NULL,
    month_of_year character varying(64) NOT NULL,
    timezone character varying(63) NOT NULL
);


ALTER TABLE public.django_celery_beat_crontabschedule OWNER TO postgres;

--
-- Name: django_celery_beat_crontabschedule_id_seq; Type: SEQUENCE; Schema: public; Owner: postgres
--

ALTER TABLE public.django_celery_beat_crontabschedule ALTER COLUMN id ADD GENERATED BY DEFAULT AS IDENTITY (
    SEQUENCE NAME public.django_celery_beat_crontabschedule_id_seq
    START WITH 1
    INCREMENT BY 1
    NO MINVALUE
    NO MAXVALUE
    CACHE 1
);


--
-- Name: django_celery_beat_intervalschedule; Type: TABLE; Schema: public; Owner: postgres
--

CREATE TABLE public.django_celery_beat_intervalschedule (
    id integer NOT NULL,
    every integer NOT NULL,
    period character varying(24) NOT NULL
);


ALTER TABLE public.django_celery_beat_intervalschedule OWNER TO postgres;

--
-- Name: django_celery_beat_intervalschedule_id_seq; Type: SEQUENCE; Schema: public; Owner: postgres
--

ALTER TABLE public.django_celery_beat_intervalschedule ALTER COLUMN id ADD GENERATED BY DEFAULT AS IDENTITY (
    SEQUENCE NAME public.django_celery_beat_intervalschedule_id_seq
    START WITH 1
    INCREMENT BY 1
    NO MINVALUE
    NO MAXVALUE
    CACHE 1
);


--
-- Name: django_celery_beat_periodictask; Type: TABLE; Schema: public; Owner: postgres
--

CREATE TABLE public.django_celery_beat_periodictask (
    id integer NOT NULL,
    name character varying(200) NOT NULL,
    task character varying(200) NOT NULL,
    args text NOT NULL,
    kwargs text NOT NULL,
    queue character varying(200),
    exchange character varying(200),
    routing_key character varying(200),
    expires timestamp with time zone,
    enabled boolean NOT NULL,
    last_run_at timestamp with time zone,
    total_run_count integer NOT NULL,
    date_changed timestamp with time zone NOT NULL,
    description text NOT NULL,
    crontab_id integer,
    interval_id integer,
    solar_id integer,
    one_off boolean NOT NULL,
    start_time timestamp with time zone,
    priority integer,
    headers text NOT NULL,
    clocked_id integer,
    expire_seconds integer,
    CONSTRAINT django_celery_beat_periodictask_expire_seconds_check CHECK ((expire_seconds >= 0)),
    CONSTRAINT django_celery_beat_periodictask_priority_check CHECK ((priority >= 0)),
    CONSTRAINT django_celery_beat_periodictask_total_run_count_check CHECK ((total_run_count >= 0))
);


ALTER TABLE public.django_celery_beat_periodictask OWNER TO postgres;

--
-- Name: django_celery_beat_periodictask_id_seq; Type: SEQUENCE; Schema: public; Owner: postgres
--

ALTER TABLE public.django_celery_beat_periodictask ALTER COLUMN id ADD GENERATED BY DEFAULT AS IDENTITY (
    SEQUENCE NAME public.django_celery_beat_periodictask_id_seq
    START WITH 1
    INCREMENT BY 1
    NO MINVALUE
    NO MAXVALUE
    CACHE 1
);


--
-- Name: django_celery_beat_periodictasks; Type: TABLE; Schema: public; Owner: postgres
--

CREATE TABLE public.django_celery_beat_periodictasks (
    ident smallint NOT NULL,
    last_update timestamp with time zone NOT NULL
);


ALTER TABLE public.django_celery_beat_periodictasks OWNER TO postgres;

--
-- Name: django_celery_beat_solarschedule; Type: TABLE; Schema: public; Owner: postgres
--

CREATE TABLE public.django_celery_beat_solarschedule (
    id integer NOT NULL,
    event character varying(24) NOT NULL,
    latitude numeric(9,6) NOT NULL,
    longitude numeric(9,6) NOT NULL
);


ALTER TABLE public.django_celery_beat_solarschedule OWNER TO postgres;

--
-- Name: django_celery_beat_solarschedule_id_seq; Type: SEQUENCE; Schema: public; Owner: postgres
--

ALTER TABLE public.django_celery_beat_solarschedule ALTER COLUMN id ADD GENERATED BY DEFAULT AS IDENTITY (
    SEQUENCE NAME public.django_celery_beat_solarschedule_id_seq
    START WITH 1
    INCREMENT BY 1
    NO MINVALUE
    NO MAXVALUE
    CACHE 1
);


--
-- Name: django_content_type; Type: TABLE; Schema: public; Owner: postgres
--

CREATE TABLE public.django_content_type (
    id integer NOT NULL,
    app_label character varying(100) NOT NULL,
    model character varying(100) NOT NULL
);


ALTER TABLE public.django_content_type OWNER TO postgres;

--
-- Name: django_content_type_id_seq; Type: SEQUENCE; Schema: public; Owner: postgres
--

ALTER TABLE public.django_content_type ALTER COLUMN id ADD GENERATED BY DEFAULT AS IDENTITY (
    SEQUENCE NAME public.django_content_type_id_seq
    START WITH 1
    INCREMENT BY 1
    NO MINVALUE
    NO MAXVALUE
    CACHE 1
);


--
-- Name: django_migrations; Type: TABLE; Schema: public; Owner: postgres
--

CREATE TABLE public.django_migrations (
    id bigint NOT NULL,
    app character varying(255) NOT NULL,
    name character varying(255) NOT NULL,
    applied timestamp with time zone NOT NULL
);


ALTER TABLE public.django_migrations OWNER TO postgres;

--
-- Name: django_migrations_id_seq; Type: SEQUENCE; Schema: public; Owner: postgres
--

ALTER TABLE public.django_migrations ALTER COLUMN id ADD GENERATED BY DEFAULT AS IDENTITY (
    SEQUENCE NAME public.django_migrations_id_seq
    START WITH 1
    INCREMENT BY 1
    NO MINVALUE
    NO MAXVALUE
    CACHE 1
);


--
-- Name: django_session; Type: TABLE; Schema: public; Owner: postgres
--

CREATE TABLE public.django_session (
    session_key character varying(40) NOT NULL,
    session_data text NOT NULL,
    expire_date timestamp with time zone NOT NULL
);


ALTER TABLE public.django_session OWNER TO postgres;

--
-- Name: django_site; Type: TABLE; Schema: public; Owner: postgres
--

CREATE TABLE public.django_site (
    id integer NOT NULL,
    domain character varying(100) NOT NULL,
    name character varying(50) NOT NULL
);


ALTER TABLE public.django_site OWNER TO postgres;

--
-- Name: django_site_id_seq; Type: SEQUENCE; Schema: public; Owner: postgres
--

ALTER TABLE public.django_site ALTER COLUMN id ADD GENERATED BY DEFAULT AS IDENTITY (
    SEQUENCE NAME public.django_site_id_seq
    START WITH 1
    INCREMENT BY 1
    NO MINVALUE
    NO MAXVALUE
    CACHE 1
);


--
-- Name: ml_service_mlmodel; Type: TABLE; Schema: public; Owner: postgres
--

CREATE TABLE public.ml_service_mlmodel (
    id bigint NOT NULL,
    created_at timestamp with time zone NOT NULL,
    updated_at timestamp with time zone NOT NULL,
    name character varying(100) NOT NULL,
    slug character varying(100) NOT NULL,
    type character varying(50) NOT NULL,
    preprocessing_method character varying(100) NOT NULL,
    description character varying(1000) NOT NULL,
    stenting_type_id bigint,
    "order" integer NOT NULL,
    CONSTRAINT ml_service_mlmodel_order_check CHECK (("order" >= 0))
);


ALTER TABLE public.ml_service_mlmodel OWNER TO postgres;

--
-- Name: ml_service_mlmodel_id_seq; Type: SEQUENCE; Schema: public; Owner: postgres
--

ALTER TABLE public.ml_service_mlmodel ALTER COLUMN id ADD GENERATED BY DEFAULT AS IDENTITY (
    SEQUENCE NAME public.ml_service_mlmodel_id_seq
    START WITH 1
    INCREMENT BY 1
    NO MINVALUE
    NO MAXVALUE
    CACHE 1
);


--
-- Name: ml_service_mlmodelmetric; Type: TABLE; Schema: public; Owner: postgres
--

CREATE TABLE public.ml_service_mlmodelmetric (
    id bigint NOT NULL,
    created_at timestamp with time zone NOT NULL,
    updated_at timestamp with time zone NOT NULL,
    accuracy numeric(5,2) NOT NULL,
    recall numeric(5,2) NOT NULL,
    "precision" numeric(5,2) NOT NULL,
    f1_score numeric(5,2) NOT NULL,
    roc_auc numeric(5,2) NOT NULL,
    phase character varying(20) NOT NULL,
    dataset_version character varying(20) NOT NULL,
    ml_model_id bigint NOT NULL
);


ALTER TABLE public.ml_service_mlmodelmetric OWNER TO postgres;

--
-- Name: ml_service_mlmodelmetric_id_seq; Type: SEQUENCE; Schema: public; Owner: postgres
--

ALTER TABLE public.ml_service_mlmodelmetric ALTER COLUMN id ADD GENERATED BY DEFAULT AS IDENTITY (
    SEQUENCE NAME public.ml_service_mlmodelmetric_id_seq
    START WITH 1
    INCREMENT BY 1
    NO MINVALUE
    NO MAXVALUE
    CACHE 1
);


--
-- Name: token_blacklist_blacklistedtoken; Type: TABLE; Schema: public; Owner: postgres
--

CREATE TABLE public.token_blacklist_blacklistedtoken (
    id bigint NOT NULL,
    blacklisted_at timestamp with time zone NOT NULL,
    token_id bigint NOT NULL
);


ALTER TABLE public.token_blacklist_blacklistedtoken OWNER TO postgres;

--
-- Name: token_blacklist_blacklistedtoken_id_seq; Type: SEQUENCE; Schema: public; Owner: postgres
--

ALTER TABLE public.token_blacklist_blacklistedtoken ALTER COLUMN id ADD GENERATED BY DEFAULT AS IDENTITY (
    SEQUENCE NAME public.token_blacklist_blacklistedtoken_id_seq
    START WITH 1
    INCREMENT BY 1
    NO MINVALUE
    NO MAXVALUE
    CACHE 1
);


--
-- Name: token_blacklist_outstandingtoken; Type: TABLE; Schema: public; Owner: postgres
--

CREATE TABLE public.token_blacklist_outstandingtoken (
    id bigint NOT NULL,
    token text NOT NULL,
    created_at timestamp with time zone,
    expires_at timestamp with time zone NOT NULL,
    user_id bigint,
    jti character varying(255) NOT NULL
);


ALTER TABLE public.token_blacklist_outstandingtoken OWNER TO postgres;

--
-- Name: token_blacklist_outstandingtoken_id_seq; Type: SEQUENCE; Schema: public; Owner: postgres
--

ALTER TABLE public.token_blacklist_outstandingtoken ALTER COLUMN id ADD GENERATED BY DEFAULT AS IDENTITY (
    SEQUENCE NAME public.token_blacklist_outstandingtoken_id_seq
    START WITH 1
    INCREMENT BY 1
    NO MINVALUE
    NO MAXVALUE
    CACHE 1
);


--
-- Data for Name: auth_group; Type: TABLE DATA; Schema: public; Owner: postgres
--

COPY public.auth_group (id, name) FROM stdin;
4	surgeon_group
5	anesthetist_group
2	admin_group
3	ml_engineer_group
\.


--
-- Data for Name: auth_group_permissions; Type: TABLE DATA; Schema: public; Owner: postgres
--

COPY public.auth_group_permissions (id, group_id, permission_id) FROM stdin;
1	3	65
2	3	66
3	3	67
4	3	68
5	3	69
6	3	70
7	3	71
8	3	72
\.


--
-- Data for Name: auth_permission; Type: TABLE DATA; Schema: public; Owner: postgres
--

COPY public.auth_permission (id, name, content_type_id, codename) FROM stdin;
1	Can add site	1	add_site
2	Can change site	1	change_site
3	Can delete site	1	delete_site
4	Can view site	1	view_site
5	Can add log entry	2	add_logentry
6	Can change log entry	2	change_logentry
7	Can delete log entry	2	delete_logentry
8	Can view log entry	2	view_logentry
9	Can add permission	3	add_permission
10	Can change permission	3	change_permission
11	Can delete permission	3	delete_permission
12	Can view permission	3	view_permission
13	Can add group	4	add_group
14	Can change group	4	change_group
15	Can delete group	4	delete_group
16	Can view group	4	view_group
17	Can add content type	5	add_contenttype
18	Can change content type	5	change_contenttype
19	Can delete content type	5	delete_contenttype
20	Can view content type	5	view_contenttype
21	Can add session	6	add_session
22	Can change session	6	change_session
23	Can delete session	6	delete_session
24	Can view session	6	view_session
25	Can add blacklisted token	7	add_blacklistedtoken
26	Can change blacklisted token	7	change_blacklistedtoken
27	Can delete blacklisted token	7	delete_blacklistedtoken
28	Can view blacklisted token	7	view_blacklistedtoken
29	Can add outstanding token	8	add_outstandingtoken
30	Can change outstanding token	8	change_outstandingtoken
31	Can delete outstanding token	8	delete_outstandingtoken
32	Can view outstanding token	8	view_outstandingtoken
33	Can add crontab	9	add_crontabschedule
34	Can change crontab	9	change_crontabschedule
35	Can delete crontab	9	delete_crontabschedule
36	Can view crontab	9	view_crontabschedule
37	Can add interval	10	add_intervalschedule
38	Can change interval	10	change_intervalschedule
39	Can delete interval	10	delete_intervalschedule
40	Can view interval	10	view_intervalschedule
41	Can add periodic task	11	add_periodictask
42	Can change periodic task	11	change_periodictask
43	Can delete periodic task	11	delete_periodictask
44	Can view periodic task	11	view_periodictask
45	Can add periodic task track	12	add_periodictasks
46	Can change periodic task track	12	change_periodictasks
47	Can delete periodic task track	12	delete_periodictasks
48	Can view periodic task track	12	view_periodictasks
49	Can add solar event	13	add_solarschedule
50	Can change solar event	13	change_solarschedule
51	Can delete solar event	13	delete_solarschedule
52	Can view solar event	13	view_solarschedule
53	Can add clocked	14	add_clockedschedule
54	Can change clocked	14	change_clockedschedule
55	Can delete clocked	14	delete_clockedschedule
56	Can view clocked	14	view_clockedschedule
57	Can add Пользователь	15	add_predictionuser
58	Can change Пользователь	15	change_predictionuser
59	Can delete Пользователь	15	delete_predictionuser
60	Can view Пользователь	15	view_predictionuser
61	Can add Медицинская карта	16	add_medicalcard
62	Can change Медицинская карта	16	change_medicalcard
63	Can delete Медицинская карта	16	delete_medicalcard
64	Can view Медицинская карта	16	view_medicalcard
65	Can add Модель машинного обучения	17	add_mlmodel
66	Can change Модель машинного обучения	17	change_mlmodel
67	Can delete Модель машинного обучения	17	delete_mlmodel
68	Can view Модель машинного обучения	17	view_mlmodel
69	Can add Метрика модели машинного обучения	18	add_mlmodelmetric
70	Can change Метрика модели машинного обучения	18	change_mlmodelmetric
71	Can delete Метрика модели машинного обучения	18	delete_mlmodelmetric
72	Can view Метрика модели машинного обучения	18	view_mlmodelmetric
73	Can add Запуск прогнозирования	19	add_predictionrun
74	Can change Запуск прогнозирования	19	change_predictionrun
75	Can delete Запуск прогнозирования	19	delete_predictionrun
76	Can view Запуск прогнозирования	19	view_predictionrun
77	Can add Осложнение	20	add_complication
78	Can change Осложнение	20	change_complication
79	Can delete Осложнение	20	delete_complication
80	Can view Осложнение	20	view_complication
81	Can add Группа осложнений	21	add_complicationgroup
82	Can change Группа осложнений	21	change_complicationgroup
83	Can delete Группа осложнений	21	delete_complicationgroup
84	Can view Группа осложнений	21	view_complicationgroup
85	Can add Прогноз	22	add_prediction
86	Can change Прогноз	22	change_prediction
87	Can delete Прогноз	22	delete_prediction
88	Can view Прогноз	22	view_prediction
89	Can add Тип стенирования	23	add_stentingtype
90	Can change Тип стенирования	23	change_stentingtype
91	Can delete Тип стенирования	23	delete_stentingtype
92	Can view Тип стенирования	23	view_stentingtype
\.


--
-- Data for Name: cabinet_complication; Type: TABLE DATA; Schema: public; Owner: postgres
--

COPY public.cabinet_complication (id, created_at, updated_at, name) FROM stdin;
1	2026-04-19 19:37:02.206534+00	2026-04-19 19:37:02.206551+00	ОНМК
2	2026-04-19 19:37:06.119646+00	2026-04-19 19:37:06.119662+00	ТИА
3	2026-04-19 19:37:13.515567+00	2026-04-19 19:37:13.515581+00	Тромбоз
4	2026-04-19 19:37:25.381598+00	2026-04-19 19:37:25.381609+00	Повреждение черепных нервов
5	2026-04-19 19:37:30.026571+00	2026-04-19 19:37:30.026586+00	ОИМ
6	2026-04-19 19:37:39.14999+00	2026-04-19 19:37:39.150004+00	Пневмония
7	2026-04-19 19:37:50.001382+00	2026-04-19 19:37:50.001397+00	Кровотечение
8	2026-04-19 19:38:03.329908+00	2026-04-19 19:38:03.329923+00	Постпункционная гематома
\.


--
-- Data for Name: cabinet_complicationgroup; Type: TABLE DATA; Schema: public; Owner: postgres
--

COPY public.cabinet_complicationgroup (id, created_at, updated_at, name, slug) FROM stdin;
3	2026-04-19 19:39:13.304503+00	2026-04-24 16:40:48.093776+00	3 степень тяжести	3_degree
2	2026-04-19 19:38:50.35711+00	2026-04-24 16:40:54.54337+00	2 степень тяжести	2_degree
1	2026-04-19 19:38:29.454191+00	2026-04-24 16:40:59.349653+00	1 степень тяжести	1_degree
\.


--
-- Data for Name: cabinet_complicationgroup_complications; Type: TABLE DATA; Schema: public; Owner: postgres
--

COPY public.cabinet_complicationgroup_complications (id, complicationgroup_id, complication_id) FROM stdin;
1	1	1
2	1	2
3	2	8
4	2	7
5	3	3
6	3	4
7	3	5
8	3	6
\.


--
-- Data for Name: cabinet_medicalcard; Type: TABLE DATA; Schema: public; Owner: postgres
--

COPY public.cabinet_medicalcard (id, created_at, updated_at, first_name, last_name, middle_name, gender, birthday, degree_of_stenosis_of_the_internal_carotid_artery, stenosis_degree_of_the_contralateral_internal_carotid_artery, calcinosis, abnormal_tortuosity_internal_carotid_artery, symptoms_of_internal_carotid_artery_stenosis, chronic_cerebrovascular_insufficiency, angina_pectoris_fc, has_previous_myocardial_infraction, has_heart_rhythm_disturbances, chronic_heart_failure, functional_class_nyha, has_diabetes, chronic_obstructive_pulmonary_disease, history_of_oncological_cancer, created_by_id, is_test) FROM stdin;
4	2026-04-19 19:46:47.991237+00	2026-04-19 19:48:35.318561+00	Ольга	Кузнецова	Павловна	f	1985-06-15	50-69	0-49	0	0	f	0	0	f	f	0	0	f	0	0	\N	f
3	2026-04-19 19:46:47.988529+00	2026-04-19 19:48:45.998022+00	Алексей	Смирнов	Игоревич	m	1949-01-20	50-69	с/п КЭЭ	2	1	t	3	3	t	t	2 б	IV ФК	t	3	repetitive	\N	f
2	2026-04-19 19:46:47.986742+00	2026-04-19 19:48:55.561483+00	Мария	Иванова	Александровна	f	1972-09-03	50-69	0-49	1	0	f	1	1	f	f	1	I ФК	t	1	one_time	\N	f
6	2026-04-20 13:04:12.054011+00	2026-04-20 13:04:12.054049+00	Иван	Иванов	Иванович	m	2017-06-07	70-99	с/п ТБА	1	0	f	1	0	t	f	1	II ФК	f	0	repetitive	\N	f
1	2026-04-19 19:46:47.98226+00	2026-04-20 16:40:33.155115+00	Иван	Петров	Сергеевич	m	2026-04-08	100	50-69	2	1	t	2	2	t	t	2 a	III ФК	t	2	0	\N	f
5	2026-04-19 19:46:47.993035+00	2026-04-21 20:09:56.503245+00	Сергей	Волков	Николаевич	m	1963-11-08	90-99	50-69	1	1	t	2	2	f	t	1	II ФК	f	2	0	\N	f
\.


--
-- Data for Name: cabinet_prediction; Type: TABLE DATA; Schema: public; Owner: postgres
--

COPY public.cabinet_prediction (id, created_at, updated_at, probability, complication_group_id, ml_model_id, prediction_run_id, stenting_type_id) FROM stdin;
1	2026-04-21 12:40:06.126669+00	2026-04-21 12:40:06.126807+00	0.01	\N	1	80	1
2	2026-04-21 12:40:06.127148+00	2026-04-21 12:40:06.127273+00	0.01	\N	2	80	2
3	2026-04-21 12:40:06.127669+00	2026-04-21 12:40:06.127783+00	0.01	\N	3	80	3
4	2026-04-21 12:40:06.128215+00	2026-04-21 12:40:06.128335+00	0.01	\N	4	80	5
5	2026-04-21 12:40:21.009642+00	2026-04-21 12:40:21.009771+00	0.01	\N	1	81	1
6	2026-04-21 12:40:21.010173+00	2026-04-21 12:40:21.010274+00	0.01	\N	2	81	2
7	2026-04-21 12:40:21.010699+00	2026-04-21 12:40:21.010798+00	0.01	\N	3	81	3
8	2026-04-21 12:40:21.011187+00	2026-04-21 12:40:21.011292+00	0.01	\N	4	81	5
9	2026-04-21 12:41:47.033325+00	2026-04-21 12:41:47.033442+00	0.01	\N	1	82	1
10	2026-04-21 12:41:47.033709+00	2026-04-21 12:41:47.033788+00	0.01	\N	2	82	2
11	2026-04-21 12:41:47.034011+00	2026-04-21 12:41:47.034113+00	0.01	\N	3	82	3
12	2026-04-21 12:41:47.034402+00	2026-04-21 12:41:47.034493+00	0.01	\N	4	82	5
13	2026-04-21 12:42:51.589969+00	2026-04-21 12:42:51.590264+00	0.01	\N	1	83	1
14	2026-04-21 12:42:51.590992+00	2026-04-21 12:42:51.591219+00	0.01	\N	2	83	2
15	2026-04-21 12:42:51.591542+00	2026-04-21 12:42:51.591668+00	0.01	\N	3	83	3
16	2026-04-21 12:42:51.592281+00	2026-04-21 12:42:51.592564+00	0.01	\N	4	83	5
17	2026-04-21 12:43:57.111478+00	2026-04-21 12:43:57.111495+00	0.01	\N	1	84	1
18	2026-04-21 12:43:57.111776+00	2026-04-21 12:43:57.111786+00	0.01	\N	2	84	2
19	2026-04-21 12:43:57.111809+00	2026-04-21 12:43:57.111818+00	0.01	\N	3	84	3
20	2026-04-21 12:43:57.111835+00	2026-04-21 12:43:57.11184+00	0.01	\N	4	84	5
21	2026-04-21 18:41:29.307317+00	2026-04-21 18:41:29.307352+00	0.01	\N	1	85	1
22	2026-04-21 18:41:29.30873+00	2026-04-21 18:41:29.308738+00	0.01	\N	2	85	2
23	2026-04-21 18:41:29.308759+00	2026-04-21 18:41:29.308764+00	0.01	\N	3	85	3
24	2026-04-21 18:41:29.308848+00	2026-04-21 18:41:29.30909+00	0.01	\N	4	85	5
25	2026-04-21 19:25:22.838552+00	2026-04-21 19:25:22.838569+00	0.01	\N	1	90	1
26	2026-04-21 19:25:22.838836+00	2026-04-21 19:25:22.838843+00	0.01	\N	2	90	2
27	2026-04-21 19:25:22.838864+00	2026-04-21 19:25:22.838869+00	0.01	\N	3	90	3
28	2026-04-21 19:25:22.838883+00	2026-04-21 19:25:22.838886+00	0.01	\N	4	90	5
29	2026-04-24 15:40:44.153518+00	2026-04-24 15:40:44.153529+00	0.01	\N	1	92	1
30	2026-04-24 15:40:44.1536+00	2026-04-24 15:40:44.153602+00	0.01	\N	2	92	2
31	2026-04-24 15:40:44.15361+00	2026-04-24 15:40:44.153611+00	0.01	\N	3	92	3
32	2026-04-24 15:40:44.153618+00	2026-04-24 15:40:44.15362+00	0.01	\N	4	92	5
33	2026-04-24 16:34:25.399683+00	2026-04-24 16:34:25.39972+00	0.01	\N	1	93	1
34	2026-04-24 16:34:25.400157+00	2026-04-24 16:34:25.400162+00	0.01	\N	2	93	2
35	2026-04-24 16:34:25.40019+00	2026-04-24 16:34:25.400194+00	0.01	\N	3	93	3
36	2026-04-24 16:34:25.400202+00	2026-04-24 16:34:25.400219+00	0.01	\N	4	93	5
37	2026-04-24 16:35:19.693217+00	2026-04-24 16:35:19.693228+00	0.01	\N	1	94	1
38	2026-04-24 16:35:19.693298+00	2026-04-24 16:35:19.6933+00	0.01	\N	2	94	2
39	2026-04-24 16:35:19.693308+00	2026-04-24 16:35:19.69331+00	0.01	\N	3	94	3
40	2026-04-24 16:35:19.693316+00	2026-04-24 16:35:19.693318+00	0.01	\N	4	94	5
41	2026-04-24 16:57:41.75588+00	2026-04-24 16:57:41.755902+00	0.51	\N	1	100	1
42	2026-04-24 16:57:41.755976+00	2026-04-24 16:57:41.755986+00	0.51	\N	2	100	2
43	2026-04-24 16:57:41.756024+00	2026-04-24 16:57:41.756032+00	0.51	\N	3	100	3
44	2026-04-24 16:57:41.756069+00	2026-04-24 16:57:41.756078+00	0.51	\N	4	100	5
45	2026-04-24 16:57:41.756113+00	2026-04-24 16:57:41.756122+00	0.01	1	5	100	1
46	2026-04-24 16:57:41.756162+00	2026-04-24 16:57:41.75617+00	0.10	2	5	100	1
47	2026-04-24 16:57:41.75621+00	2026-04-24 16:57:41.756218+00	0.64	3	5	100	1
48	2026-04-24 16:57:41.756256+00	2026-04-24 16:57:41.756265+00	0.01	1	6	100	2
49	2026-04-24 16:57:41.756302+00	2026-04-24 16:57:41.756311+00	0.10	2	6	100	2
50	2026-04-24 16:57:41.756348+00	2026-04-24 16:57:41.756357+00	0.64	3	6	100	2
51	2026-04-24 16:57:41.756394+00	2026-04-24 16:57:41.756403+00	0.01	1	7	100	3
52	2026-04-24 16:57:41.756441+00	2026-04-24 16:57:41.756449+00	0.10	2	7	100	3
53	2026-04-24 16:57:41.756486+00	2026-04-24 16:57:41.756494+00	0.64	3	7	100	3
54	2026-04-24 16:58:15.842435+00	2026-04-24 16:58:15.842458+00	0.51	\N	1	101	1
55	2026-04-24 16:58:15.842517+00	2026-04-24 16:58:15.842527+00	0.51	\N	2	101	2
56	2026-04-24 16:58:15.842564+00	2026-04-24 16:58:15.842572+00	0.51	\N	3	101	3
57	2026-04-24 16:58:15.842607+00	2026-04-24 16:58:15.842616+00	0.51	\N	4	101	5
58	2026-04-24 16:58:15.842651+00	2026-04-24 16:58:15.842674+00	0.01	1	5	101	1
59	2026-04-24 16:58:15.842724+00	2026-04-24 16:58:15.842733+00	0.10	2	5	101	1
60	2026-04-24 16:58:15.842772+00	2026-04-24 16:58:15.842781+00	0.64	3	5	101	1
61	2026-04-24 16:58:15.842818+00	2026-04-24 16:58:15.842827+00	0.01	1	6	101	2
62	2026-04-24 16:58:15.842866+00	2026-04-24 16:58:15.842874+00	0.10	2	6	101	2
63	2026-04-24 16:58:15.842912+00	2026-04-24 16:58:15.842921+00	0.64	3	6	101	2
64	2026-04-24 16:58:15.842958+00	2026-04-24 16:58:15.842967+00	0.01	1	7	101	3
65	2026-04-24 16:58:15.843003+00	2026-04-24 16:58:15.843011+00	0.10	2	7	101	3
66	2026-04-24 16:58:15.843047+00	2026-04-24 16:58:15.843055+00	0.64	3	7	101	3
67	2026-04-24 17:00:20.487318+00	2026-04-24 17:00:20.48734+00	0.51	\N	1	102	1
68	2026-04-24 17:00:20.487419+00	2026-04-24 17:00:20.487429+00	0.51	\N	2	102	2
69	2026-04-24 17:00:20.487474+00	2026-04-24 17:00:20.487483+00	0.51	\N	3	102	3
70	2026-04-24 17:00:20.487519+00	2026-04-24 17:00:20.487528+00	0.51	\N	4	102	5
71	2026-04-24 17:00:20.487564+00	2026-04-24 17:00:20.487573+00	0.01	1	5	102	1
72	2026-04-24 17:00:20.487614+00	2026-04-24 17:00:20.487622+00	0.10	2	5	102	1
73	2026-04-24 17:00:20.487662+00	2026-04-24 17:00:20.487671+00	0.64	3	5	102	1
74	2026-04-24 17:00:20.487711+00	2026-04-24 17:00:20.48772+00	0.01	1	6	102	2
75	2026-04-24 17:00:20.487759+00	2026-04-24 17:00:20.487768+00	0.10	2	6	102	2
76	2026-04-24 17:00:20.487807+00	2026-04-24 17:00:20.487816+00	0.64	3	6	102	2
77	2026-04-24 17:00:20.487855+00	2026-04-24 17:00:20.487863+00	0.01	1	7	102	3
78	2026-04-24 17:00:20.487902+00	2026-04-24 17:00:20.48791+00	0.10	2	7	102	3
79	2026-04-24 17:00:20.487949+00	2026-04-24 17:00:20.48796+00	0.64	3	7	102	3
80	2026-04-24 17:02:31.646887+00	2026-04-24 17:02:31.646909+00	0.51	\N	1	103	1
81	2026-04-24 17:02:31.646973+00	2026-04-24 17:02:31.646982+00	0.51	\N	2	103	2
82	2026-04-24 17:02:31.647019+00	2026-04-24 17:02:31.647027+00	0.51	\N	3	103	3
83	2026-04-24 17:02:31.647087+00	2026-04-24 17:02:31.647098+00	0.51	\N	4	103	5
84	2026-04-24 17:02:31.647136+00	2026-04-24 17:02:31.647145+00	0.01	1	5	103	1
85	2026-04-24 17:02:31.647185+00	2026-04-24 17:02:31.647193+00	0.10	2	5	103	1
86	2026-04-24 17:02:31.647231+00	2026-04-24 17:02:31.647239+00	0.64	3	5	103	1
87	2026-04-24 17:02:31.647275+00	2026-04-24 17:02:31.647283+00	0.01	1	6	103	2
88	2026-04-24 17:02:31.647321+00	2026-04-24 17:02:31.64733+00	0.10	2	6	103	2
89	2026-04-24 17:02:31.647369+00	2026-04-24 17:02:31.647377+00	0.64	3	6	103	2
90	2026-04-24 17:02:31.647414+00	2026-04-24 17:02:31.647422+00	0.01	1	7	103	3
91	2026-04-24 17:02:31.647459+00	2026-04-24 17:02:31.647467+00	0.10	2	7	103	3
92	2026-04-24 17:02:31.647503+00	2026-04-24 17:02:31.647512+00	0.64	3	7	103	3
93	2026-04-26 14:46:36.415316+00	2026-04-26 14:46:36.415332+00	0.00	\N	1	104	1
94	2026-04-26 14:46:36.415529+00	2026-04-26 14:46:36.415536+00	0.24	\N	2	104	2
95	2026-04-26 14:46:36.415622+00	2026-04-26 14:46:36.415626+00	0.29	\N	3	104	3
96	2026-04-26 14:46:36.415636+00	2026-04-26 14:46:36.415638+00	0.31	\N	4	104	5
97	2026-04-26 15:27:20.022501+00	2026-04-26 15:27:20.022513+00	0.00	\N	1	105	1
98	2026-04-26 15:27:20.022898+00	2026-04-26 15:27:20.022902+00	0.24	\N	2	105	2
99	2026-04-26 15:27:20.022943+00	2026-04-26 15:27:20.022947+00	0.25	\N	3	105	3
100	2026-04-26 15:27:20.022955+00	2026-04-26 15:27:20.022957+00	0.31	\N	4	105	5
101	2026-04-26 15:35:03.997111+00	2026-04-26 15:35:03.997136+00	0.00	\N	1	106	1
102	2026-04-26 15:35:03.997231+00	2026-04-26 15:35:03.997242+00	0.24	\N	2	106	2
103	2026-04-26 15:35:03.997284+00	2026-04-26 15:35:03.997294+00	0.82	\N	3	106	3
104	2026-04-26 15:35:03.997331+00	2026-04-26 15:35:03.997357+00	0.31	\N	4	106	5
105	2026-04-26 15:35:03.997401+00	2026-04-26 15:35:03.997411+00	0.59	1	7	106	3
106	2026-04-26 15:35:03.997467+00	2026-04-26 15:35:03.997478+00	0.56	2	7	106	3
107	2026-04-26 15:35:03.997518+00	2026-04-26 15:35:03.997527+00	0.56	3	7	106	3
\.


--
-- Data for Name: cabinet_predictionrun; Type: TABLE DATA; Schema: public; Owner: postgres
--

COPY public.cabinet_predictionrun (id, created_at, updated_at, status, summary_probability, occlusion_time, anesthesist_id, medical_card_id, surgeon_id, stenting_type_id, is_test, task_id) FROM stdin;
80	2026-04-21 12:38:33.426339+00	2026-04-21 18:28:11.027184+00	8_success	0.01	20	2	4	2	1	t	
8	2026-04-20 12:03:52.653192+00	2026-04-20 17:28:43.819467+00	1_pending	\N	\N	4	1	5	\N	t	
81	2026-04-21 12:40:14.495673+00	2026-04-21 18:29:01.271633+00	8_success	0.01	2	2	4	2	1	t	
2	2026-04-20 11:46:04.777117+00	2026-04-20 17:28:56.928189+00	9_canceled	\N	\N	6	1	2	\N	t	
7	2026-04-20 11:53:38.558589+00	2026-04-20 17:29:04.153588+00	8_success	0.02	11	2	2	2	5	t	
6	2026-04-20 11:52:04.984453+00	2026-04-20 17:29:09.556951+00	8_success	0.10	21	5	3	2	2	t	
1	2026-04-20 11:28:38.32021+00	2026-04-20 17:29:14.055317+00	8_success	0.04	4	5	5	2	1	t	
4	2026-04-20 11:51:10.858985+00	2026-04-20 17:29:23.112685+00	9_canceled	\N	\N	2	5	2	\N	t	
93	2026-04-24 16:34:05.192997+00	2026-04-24 16:34:25.409498+00	8_success	0.01	111	4	4	2	1	t	4779f0b8-cace-42fc-bfb8-27901741614f
84	2026-04-21 12:43:16.432218+00	2026-04-21 18:37:34.454408+00	8_success	0.01	123	2	4	2	1	t	
82	2026-04-21 12:41:46.933957+00	2026-04-21 18:38:15.760063+00	8_success	0.01	123	2	4	2	1	t	
83	2026-04-21 12:42:11.488321+00	2026-04-21 18:38:20.745688+00	8_success	0.01	23	2	4	2	1	t	
101	2026-04-24 16:58:10.669608+00	2026-04-24 16:58:15.852362+00	8_success	0.64	5	4	4	2	1	t	
85	2026-04-21 18:41:08.268142+00	2026-04-21 18:42:44.162389+00	8_success	0.01	12	6	4	2	1	t	
94	2026-04-24 16:34:59.655534+00	2026-04-24 16:35:19.697618+00	8_success	0.01	122	4	3	2	1	t	041ca7df-dd1c-4f05-912f-32180ddd06ea
102	2026-04-24 17:00:20.426879+00	2026-04-24 17:00:20.498039+00	8_success	0.01	5	4	4	2	1	t	
90	2026-04-21 19:25:02.724837+00	2026-04-21 19:25:22.846043+00	8_success	0.01	123	4	4	2	1	t	
103	2026-04-24 17:01:39.805819+00	2026-04-24 17:02:31.657918+00	8_success	0.01	5	4	4	2	1	t	
92	2026-04-24 15:40:24.06691+00	2026-04-24 15:40:44.160208+00	8_success	0.01	1232	4	4	2	1	t	d8d47b69-1b46-4aaa-989c-1fcd16c0b9c5
3	2026-04-20 11:50:42.758199+00	2026-04-24 15:55:03.195607+00	9_canceled	\N	\N	2	4	2	\N	t	
9	2026-04-20 17:23:11.537969+00	2026-04-24 15:55:13.161054+00	9_canceled	\N	\N	6	4	2	\N	t	
100	2026-04-24 16:57:29.73128+00	2026-04-24 16:57:41.767004+00	8_success	0.64	444	4	4	2	1	t	
104	2026-04-26 14:46:35.971456+00	2026-04-26 14:46:36.420699+00	8_success	0.00	45	5	4	2	1	t	c32ed356-333b-46f9-8173-3078af6598a7
91	2026-04-24 15:38:19.154997+00	2026-04-26 15:25:24.722245+00	9_canceled	\N	1232	4	4	2	\N	t	
89	2026-04-21 19:24:04.198807+00	2026-04-26 15:25:26.715218+00	9_canceled	\N	123	4	4	2	\N	t	фавф
105	2026-04-26 15:27:19.497454+00	2026-04-26 15:27:20.030244+00	8_success	0.00	46	5	4	2	1	t	1b5a8570-3826-4cba-994b-32c09f53f0ce
106	2026-04-26 15:33:32.244404+00	2026-04-26 15:35:04.008101+00	8_success	0.00	33	5	4	2	1	t	
107	2026-04-26 15:39:19.801351+00	2026-04-26 15:39:19.801372+00	1_pending	\N	\N	4	2	2	\N	t	
108	2026-04-26 15:39:40.158886+00	2026-04-26 15:39:40.158903+00	2_in_progress	\N	\N	4	3	2	\N	t	
\.


--
-- Data for Name: cabinet_predictionuser; Type: TABLE DATA; Schema: public; Owner: postgres
--

COPY public.cabinet_predictionuser (id, password, last_login, is_superuser, username, email, is_staff, is_active, date_joined, first_name, last_name, middle_name, gender, birthday, start_date) FROM stdin;
4	pbkdf2_sha256$1000000$i8AtagsONt4PLD5Quu2eE6$id4htiLwuIlFqRmWE5lZ09HO/QW3x3izj30dPxMlTMI=	2026-04-21 19:11:16.530296+00	f	grachev		f	t	2026-04-19 19:33:38.583335+00	Иван	Грачев	Дмитриевич	m	2000-01-01	2026-04-19
5	pbkdf2_sha256$1000000$iv426O0nkIDPAwrmCDvZl2$VXrtEdYkygpBVQV7JhQi38hHAm84MbjonmZRYmWKH04=	2026-04-21 19:59:53.670045+00	f	ivanov	ivanov@mail.ru	f	t	2026-04-19 19:35:15.312054+00	Олег	Иванов	Олегович	m	1998-03-01	2024-07-10
6	pbkdf2_sha256$1000000$fifLhaJRnKLhXbv9wF92tp$g4oMyqTZKn1BgzDR+FUIC90UW9peKnS9SWKjzrqvutQ=	\N	f	petrov	petrov@mail.ru	f	t	2026-04-19 19:36:38.669436+00	Максим	Петров	Сергеевич	m	2001-04-01	2021-04-19
2	pbkdf2_sha256$1000000$VDtTJK1yQyxXmq0JGh88pl$Uwcmg9NM8JrUoFII0Oynionfi8e/kEn99ZNdPxFEz4k=	2026-04-21 20:06:56.978934+00	t	admin	admin@admin.com	t	t	2026-04-10 20:15:32+00	Админ	Админов	Админович	m	2000-01-01	2026-04-19
7	pbkdf2_sha256$1000000$UOpuLtRLNUeCpYiWLV7z1M$k+xkkvEEPW5B0rAodoUOhNSTBR2+tObDf2yOo/xux5Q=	2026-04-20 12:01:53.097136+00	f	ml	ml@gmail.com	t	t	2026-04-20 12:00:43.763855+00	Иосиф	Сталин	Виссарионович	m	2000-01-01	1924-04-20
\.


--
-- Data for Name: cabinet_predictionuser_groups; Type: TABLE DATA; Schema: public; Owner: postgres
--

COPY public.cabinet_predictionuser_groups (id, predictionuser_id, group_id) FROM stdin;
2	2	2
6	4	4
7	5	5
8	6	3
9	4	5
10	7	3
\.


--
-- Data for Name: cabinet_predictionuser_user_permissions; Type: TABLE DATA; Schema: public; Owner: postgres
--

COPY public.cabinet_predictionuser_user_permissions (id, predictionuser_id, permission_id) FROM stdin;
\.


--
-- Data for Name: cabinet_stentingtype; Type: TABLE DATA; Schema: public; Owner: postgres
--

COPY public.cabinet_stentingtype (id, created_at, updated_at, name, slug) FROM stdin;
1	2026-04-20 11:27:43.386751+00	2026-04-20 19:28:02.859193+00	КАС	cas
5	2026-04-20 11:52:50.971163+00	2026-04-20 19:28:20.455195+00	КЭЭ гломуссохраняющая	cee_preserve_glomus
2	2026-04-20 11:27:50.418795+00	2026-04-20 19:28:30.583528+00	КЭЭ классическая	cee_classic
3	2026-04-20 11:28:01.698476+00	2026-04-20 19:28:38.352969+00	КЭЭ эверсионная	cee_eversional
\.


--
-- Data for Name: django_admin_log; Type: TABLE DATA; Schema: public; Owner: postgres
--

COPY public.django_admin_log (id, action_time, object_id, object_repr, action_flag, change_message, content_type_id, user_id) FROM stdin;
1	2026-04-10 20:20:46.447283+00	1	patient	1	[{"added": {}}]	4	2
2	2026-04-10 20:21:00.657794+00	2	admin	1	[{"added": {}}]	4	2
3	2026-04-10 20:21:10.422905+00	3	ml_engineer	1	[{"added": {}}]	4	2
4	2026-04-10 20:21:34.899136+00	4	surgeon_group	1	[{"added": {}}]	4	2
5	2026-04-10 20:21:50.123554+00	5	anesthetist_group	1	[{"added": {}}]	4	2
6	2026-04-10 20:22:05.538162+00	2	admin	2	[{"changed": {"fields": ["Groups", "Email address"]}}]	15	2
7	2026-04-10 20:22:17.595765+00	2	admin_group	2	[{"changed": {"fields": ["Name"]}}]	4	2
8	2026-04-10 20:22:23.849985+00	3	ml_engineer_group	2	[{"changed": {"fields": ["Name"]}}]	4	2
9	2026-04-10 20:22:29.221021+00	1	patient_group	2	[{"changed": {"fields": ["Name"]}}]	4	2
10	2026-04-19 19:33:39.003049+00	4	Пользователь Иван Грачев	1	[{"added": {}}]	15	2
11	2026-04-19 19:34:18.824294+00	4	Пользователь Иван Грачев	2	[{"changed": {"fields": ["Groups"]}}]	15	2
12	2026-04-19 19:35:15.69358+00	5	Пользователь Олег Иванов	1	[{"added": {}}]	15	2
13	2026-04-19 19:36:39.099368+00	6	Пользователь Максим Петров	1	[{"added": {}}]	15	2
14	2026-04-19 19:37:02.208594+00	1	ОНМК	1	[{"added": {}}]	20	2
15	2026-04-19 19:37:06.120638+00	2	ТИА	1	[{"added": {}}]	20	2
16	2026-04-19 19:37:13.516278+00	3	Тромбоз	1	[{"added": {}}]	20	2
17	2026-04-19 19:37:25.382317+00	4	Повреждение черепных нервов	1	[{"added": {}}]	20	2
18	2026-04-19 19:37:30.027269+00	5	ОИМ	1	[{"added": {}}]	20	2
19	2026-04-19 19:37:39.150739+00	6	Пневмония	1	[{"added": {}}]	20	2
20	2026-04-19 19:37:50.002164+00	7	Кровотечение	1	[{"added": {}}]	20	2
21	2026-04-19 19:38:03.330779+00	8	Постпункционная гематома	1	[{"added": {}}]	20	2
22	2026-04-19 19:38:29.457587+00	1	1 степень тяжести	1	[{"added": {}}]	21	2
23	2026-04-19 19:38:50.359541+00	2	2 степень тяжести	1	[{"added": {}}]	21	2
24	2026-04-19 19:39:13.30707+00	3	3 степень тяжести	1	[{"added": {}}]	21	2
25	2026-04-19 19:48:23.782901+00	5	Медкарта пациента Сергей Волков	2	[{"changed": {"fields": ["\\u041f\\u043e\\u043b", "\\u0421\\u0442\\u0435\\u043f\\u0435\\u043d\\u044c \\u0441\\u0442\\u0435\\u043d\\u043e\\u0437\\u0430 \\u0432\\u043d\\u0443\\u0442\\u0440\\u0435\\u043d\\u043d\\u0435\\u0439 \\u0441\\u043e\\u043d\\u043d\\u043e\\u0439 \\u0430\\u0440\\u0442\\u0435\\u0440\\u0438\\u0438 (\\u0432 %)"]}}]	16	2
26	2026-04-19 19:48:35.319616+00	4	Медкарта пациента Ольга Кузнецова	2	[{"changed": {"fields": ["\\u041f\\u043e\\u043b", "\\u0421\\u0442\\u0435\\u043f\\u0435\\u043d\\u044c \\u0441\\u0442\\u0435\\u043d\\u043e\\u0437\\u0430 \\u0432\\u043d\\u0443\\u0442\\u0440\\u0435\\u043d\\u043d\\u0435\\u0439 \\u0441\\u043e\\u043d\\u043d\\u043e\\u0439 \\u0430\\u0440\\u0442\\u0435\\u0440\\u0438\\u0438 (\\u0432 %)"]}}]	16	2
27	2026-04-19 19:48:45.999211+00	3	Медкарта пациента Алексей Смирнов	2	[{"changed": {"fields": ["\\u041f\\u043e\\u043b", "\\u0421\\u0442\\u0435\\u043f\\u0435\\u043d\\u044c \\u0441\\u0442\\u0435\\u043d\\u043e\\u0437\\u0430 \\u0432\\u043d\\u0443\\u0442\\u0440\\u0435\\u043d\\u043d\\u0435\\u0439 \\u0441\\u043e\\u043d\\u043d\\u043e\\u0439 \\u0430\\u0440\\u0442\\u0435\\u0440\\u0438\\u0438 (\\u0432 %)", "\\u0421\\u0442\\u0435\\u043f\\u0435\\u043d\\u044c \\u0441\\u0442\\u0435\\u043d\\u043e\\u0437\\u0430 \\u043a\\u043e\\u043d\\u0442\\u0440\\u0430\\u043b\\u0430\\u0442\\u0435\\u0440\\u0430\\u043b\\u044c\\u043d\\u043e\\u0439 \\u0432\\u043d\\u0443\\u0442\\u0440\\u0435\\u043d\\u043d\\u0435\\u0439 \\u0441\\u043e\\u043d\\u043d\\u043e\\u0439 \\u0430\\u0440\\u0442\\u0435\\u0440\\u0438\\u0438 (\\u0432 %) "]}}]	16	2
28	2026-04-19 19:48:55.562448+00	2	Медкарта пациента Мария Иванова	2	[{"changed": {"fields": ["\\u041f\\u043e\\u043b", "\\u0421\\u0442\\u0435\\u043f\\u0435\\u043d\\u044c \\u0441\\u0442\\u0435\\u043d\\u043e\\u0437\\u0430 \\u0432\\u043d\\u0443\\u0442\\u0440\\u0435\\u043d\\u043d\\u0435\\u0439 \\u0441\\u043e\\u043d\\u043d\\u043e\\u0439 \\u0430\\u0440\\u0442\\u0435\\u0440\\u0438\\u0438 (\\u0432 %)"]}}]	16	2
29	2026-04-19 19:49:09.861154+00	1	Медкарта пациента Иван Петров	2	[{"changed": {"fields": ["\\u041f\\u043e\\u043b", "\\u0421\\u0442\\u0435\\u043f\\u0435\\u043d\\u044c \\u0441\\u0442\\u0435\\u043d\\u043e\\u0437\\u0430 \\u0432\\u043d\\u0443\\u0442\\u0440\\u0435\\u043d\\u043d\\u0435\\u0439 \\u0441\\u043e\\u043d\\u043d\\u043e\\u0439 \\u0430\\u0440\\u0442\\u0435\\u0440\\u0438\\u0438 (\\u0432 %)", "\\u0425\\u0440\\u043e\\u043d\\u0438\\u0447\\u0435\\u0441\\u043a\\u0430\\u044f \\u0441\\u0435\\u0440\\u0434\\u0435\\u0447\\u043d\\u0430\\u044f \\u043d\\u0435\\u0434\\u043e\\u0441\\u0442\\u0430\\u0442\\u043e\\u0447\\u043d\\u043e\\u0441\\u0442\\u044c (\\u0441\\u0442\\u0430\\u0434\\u0438\\u044f)"]}}]	16	2
30	2026-04-20 10:32:27.429248+00	1	patient_group	3		4	2
31	2026-04-20 10:33:06.125143+00	2	Пользователь Админ Админов	2	[{"changed": {"fields": ["Groups"]}}]	15	2
32	2026-04-20 10:33:47.136815+00	4	Пользователь Иван Грачев	2	[{"changed": {"fields": ["Groups"]}}]	15	2
33	2026-04-20 11:27:43.388267+00	1	КАС	1	[{"added": {}}]	23	2
34	2026-04-20 11:27:50.419492+00	2	КЭЭ классическая	1	[{"added": {}}]	23	2
35	2026-04-20 11:28:01.700845+00	3	КЭЭ эверсионная	1	[{"added": {}}]	23	2
36	2026-04-20 11:28:07.395042+00	4	КЭЭ гломуссохраняющая	1	[{"added": {}}]	23	2
37	2026-04-20 11:28:38.322033+00	1	Запуск прогноза для Медкарта пациента Сергей Волков	1	[{"added": {}}]	19	2
38	2026-04-20 11:32:29.993354+00	1	Запуск прогноза для Сергей Волков Николаевич	2	[{"changed": {"fields": ["\\u0421\\u0442\\u0430\\u0442\\u0443\\u0441", "\\u041d\\u0430\\u0438\\u043c\\u0435\\u043d\\u044c\\u0448\\u0430\\u044f \\u0432\\u0435\\u0440\\u043e\\u044f\\u0442\\u043d\\u043e\\u0441\\u0442\\u044c \\u043e\\u0441\\u043b\\u043e\\u0436\\u043d\\u0435\\u043d\\u0438\\u0439 \\u043f\\u043e \\u0432\\u0441\\u0435\\u043c \\u043f\\u0440\\u043e\\u0433\\u043d\\u043e\\u0437\\u0430\\u043c", "\\u0412\\u0440\\u0435\\u043c\\u044f \\u043e\\u043a\\u043a\\u043b\\u044e\\u0437\\u0438\\u0438"]}}]	19	2
39	2026-04-20 11:46:04.77817+00	2	Запуск прогноза для Петров Иван Сергеевич	1	[{"added": {}}]	19	2
40	2026-04-20 11:50:42.760375+00	3	Запуск прогноза для Кузнецова Ольга Павловна	1	[{"added": {}}]	19	2
41	2026-04-20 11:51:10.859834+00	4	Запуск прогноза для Волков Сергей Николаевич	1	[{"added": {}}]	19	2
42	2026-04-20 11:51:34.545925+00	5	Запуск прогноза для Кузнецова Ольга Павловна	1	[{"added": {}}]	19	2
43	2026-04-20 11:52:04.985389+00	6	Запуск прогноза для Смирнов Алексей Игоревич	1	[{"added": {}}]	19	2
44	2026-04-20 11:52:16.619354+00	4	КЭЭ гломуссохраняющая	3		23	2
90	2026-04-20 19:31:56.724171+00	4	КЭЭ гломуссохраняющая	2	[{"changed": {"fields": ["\\u0422\\u0438\\u043f \\u0441\\u0442\\u0435\\u043d\\u0442\\u0438\\u0440\\u043e\\u0432\\u0430\\u043d\\u0438\\u044f"]}}]	17	2
45	2026-04-20 11:52:19.701245+00	2	Запуск прогноза для Петров Иван Сергеевич	2	[{"changed": {"fields": ["\\u041d\\u0430\\u0438\\u043c\\u0435\\u043d\\u044c\\u0448\\u0430\\u044f \\u0432\\u0435\\u0440\\u043e\\u044f\\u0442\\u043d\\u043e\\u0441\\u0442\\u044c \\u043e\\u0441\\u043b\\u043e\\u0436\\u043d\\u0435\\u043d\\u0438\\u0439 \\u043f\\u043e \\u0432\\u0441\\u0435\\u043c \\u043f\\u0440\\u043e\\u0433\\u043d\\u043e\\u0437\\u0430\\u043c", "\\u0412\\u0440\\u0435\\u043c\\u044f \\u043e\\u043a\\u043a\\u043b\\u044e\\u0437\\u0438\\u0438"]}}]	19	2
46	2026-04-20 11:52:50.971917+00	5	КЭЭ гломуссохраняющая	1	[{"added": {}}]	23	2
47	2026-04-20 11:53:38.559475+00	7	Запуск прогноза для Иванова Мария Александровна	1	[{"added": {}}]	19	2
48	2026-04-20 11:59:13.836981+00	3	ml_engineer_group	2	[{"changed": {"fields": ["Permissions"]}}]	4	2
49	2026-04-20 12:00:44.128988+00	7	Иосиф Сталин Виссарионович	1	[{"added": {}}]	15	2
50	2026-04-20 12:01:35.311143+00	7	Иосиф Сталин Виссарионович	2	[{"changed": {"fields": ["Staff status"]}}]	15	2
51	2026-04-20 12:03:52.654176+00	8	Запуск прогноза для Петров Иван Сергеевич	1	[{"added": {}}]	19	2
52	2026-04-20 16:58:01.197393+00	7	ПАпа йапыпфы авыфафы	2	[{"changed": {"fields": ["\\u0421\\u043e\\u0437\\u0434\\u0430\\u0432\\u0448\\u0438\\u0439 \\u043f\\u043e\\u043b\\u044c\\u0437\\u043e\\u0432\\u0430\\u0442\\u0435\\u043b\\u044c"]}}]	16	2
53	2026-04-20 17:26:25.969625+00	9	Запуск прогноза для Кузнецова Ольга Павловна	2	[{"changed": {"fields": ["\\u0421\\u0442\\u0430\\u0442\\u0443\\u0441"]}}]	19	2
54	2026-04-20 17:28:43.820099+00	8	Запуск прогноза для Петров Иван Сергеевич	2	[{"changed": {"fields": ["\\u0421\\u0442\\u0430\\u0442\\u0443\\u0441"]}}]	19	2
55	2026-04-20 17:28:51.968262+00	7	Запуск прогноза для Иванова Мария Александровна	2	[{"changed": {"fields": ["\\u0421\\u0442\\u0430\\u0442\\u0443\\u0441"]}}]	19	2
56	2026-04-20 17:28:56.928845+00	2	Запуск прогноза для Петров Иван Сергеевич	2	[{"changed": {"fields": ["\\u0421\\u0442\\u0430\\u0442\\u0443\\u0441"]}}]	19	2
57	2026-04-20 17:29:04.154181+00	7	Запуск прогноза для Иванова Мария Александровна	2	[{"changed": {"fields": ["\\u0421\\u0442\\u0430\\u0442\\u0443\\u0441"]}}]	19	2
58	2026-04-20 17:29:09.557529+00	6	Запуск прогноза для Смирнов Алексей Игоревич	2	[{"changed": {"fields": ["\\u0421\\u0442\\u0430\\u0442\\u0443\\u0441"]}}]	19	2
59	2026-04-20 17:29:14.05597+00	1	Запуск прогноза для Волков Сергей Николаевич	2	[{"changed": {"fields": ["\\u0421\\u0442\\u0430\\u0442\\u0443\\u0441"]}}]	19	2
60	2026-04-20 17:29:19.305562+00	5	Запуск прогноза для Кузнецова Ольга Павловна	2	[{"changed": {"fields": ["\\u0421\\u0442\\u0430\\u0442\\u0443\\u0441"]}}]	19	2
61	2026-04-20 17:29:23.113254+00	4	Запуск прогноза для Волков Сергей Николаевич	2	[{"changed": {"fields": ["\\u0421\\u0442\\u0430\\u0442\\u0443\\u0441"]}}]	19	2
62	2026-04-20 17:29:26.471593+00	3	Запуск прогноза для Кузнецова Ольга Павловна	2	[{"changed": {"fields": ["\\u0421\\u0442\\u0430\\u0442\\u0443\\u0441"]}}]	19	2
63	2026-04-20 18:06:32.840053+00	19	Запуск прогноза для Иванова Мария Александровна	3		19	2
64	2026-04-20 18:06:32.840082+00	18	Запуск прогноза для Иванова Мария Александровна	3		19	2
65	2026-04-20 18:06:32.840094+00	17	Запуск прогноза для Иванова Мария Александровна	3		19	2
66	2026-04-20 18:06:32.840104+00	16	Запуск прогноза для Иванова Мария Александровна	3		19	2
67	2026-04-20 18:06:32.840113+00	15	Запуск прогноза для Иванова Мария Александровна	3		19	2
68	2026-04-20 18:06:32.840121+00	14	Запуск прогноза для Иванова Мария Александровна	3		19	2
69	2026-04-20 18:06:32.84013+00	13	Запуск прогноза для Иванова Мария Александровна	3		19	2
70	2026-04-20 18:06:32.840137+00	12	Запуск прогноза для Иванова Мария Александровна	3		19	2
71	2026-04-20 18:06:32.840145+00	11	Запуск прогноза для Иванова Мария Александровна	3		19	2
72	2026-04-20 18:06:32.840155+00	10	Запуск прогноза для Иванова Мария Александровна	3		19	2
73	2026-04-20 18:53:54.220562+00	1	КАС	1	[{"added": {}}]	17	2
74	2026-04-20 18:55:33.767509+00	2	КЭЭ классическая	1	[{"added": {}}]	17	2
75	2026-04-20 18:55:54.916372+00	3	КЭЭ эверсионная	1	[{"added": {}}]	17	2
76	2026-04-20 18:56:20.959406+00	4	КЭЭ гломуссохраняющая	1	[{"added": {}}]	17	2
77	2026-04-20 18:57:28.770271+00	5	КАС (многометочная)	1	[{"added": {}}]	17	2
78	2026-04-20 18:58:03.56649+00	6	КЭЭ классическая (мультиметочная)	1	[{"added": {}}]	17	2
79	2026-04-20 18:58:51.36388+00	7	КЭЭ эверсионная (мультиметочная)	1	[{"added": {}}]	17	2
80	2026-04-20 19:20:54.154806+00	7	КЭЭ эверсионная (многометочная)	2	[{"changed": {"fields": ["\\u041d\\u0430\\u0437\\u0432\\u0430\\u043d\\u0438\\u0435", "\\u0422\\u0438\\u043f"]}}]	17	2
81	2026-04-20 19:21:01.185251+00	6	КЭЭ классическая (многометочная)	2	[{"changed": {"fields": ["\\u041d\\u0430\\u0437\\u0432\\u0430\\u043d\\u0438\\u0435", "\\u0422\\u0438\\u043f"]}}]	17	2
82	2026-04-20 19:21:07.764516+00	5	КАС (многометочная)	2	[{"changed": {"fields": ["\\u0422\\u0438\\u043f"]}}]	17	2
83	2026-04-20 19:28:02.859819+00	1	КАС	2	[{"changed": {"fields": ["\\u0421\\u043b\\u0430\\u0433"]}}]	23	2
84	2026-04-20 19:28:20.455748+00	5	КЭЭ гломуссохраняющая	2	[{"changed": {"fields": ["\\u0421\\u043b\\u0430\\u0433"]}}]	23	2
85	2026-04-20 19:28:30.584106+00	2	КЭЭ классическая	2	[{"changed": {"fields": ["\\u0421\\u043b\\u0430\\u0433"]}}]	23	2
86	2026-04-20 19:28:38.353486+00	3	КЭЭ эверсионная	2	[{"changed": {"fields": ["\\u0421\\u043b\\u0430\\u0433"]}}]	23	2
87	2026-04-20 19:31:42.357577+00	1	КАС	2	[{"changed": {"fields": ["\\u0422\\u0438\\u043f \\u0441\\u0442\\u0435\\u043d\\u0442\\u0438\\u0440\\u043e\\u0432\\u0430\\u043d\\u0438\\u044f"]}}]	17	2
88	2026-04-20 19:31:49.503198+00	2	КЭЭ классическая	2	[{"changed": {"fields": ["\\u0422\\u0438\\u043f \\u0441\\u0442\\u0435\\u043d\\u0442\\u0438\\u0440\\u043e\\u0432\\u0430\\u043d\\u0438\\u044f"]}}]	17	2
89	2026-04-20 19:31:53.87007+00	3	КЭЭ эверсионная	2	[{"changed": {"fields": ["\\u0422\\u0438\\u043f \\u0441\\u0442\\u0435\\u043d\\u0442\\u0438\\u0440\\u043e\\u0432\\u0430\\u043d\\u0438\\u044f"]}}]	17	2
91	2026-04-20 19:32:00.738485+00	5	КАС (многометочная)	2	[{"changed": {"fields": ["\\u0422\\u0438\\u043f \\u0441\\u0442\\u0435\\u043d\\u0442\\u0438\\u0440\\u043e\\u0432\\u0430\\u043d\\u0438\\u044f"]}}]	17	2
92	2026-04-20 19:32:06.812588+00	6	КЭЭ классическая (многометочная)	2	[{"changed": {"fields": ["\\u0422\\u0438\\u043f \\u0441\\u0442\\u0435\\u043d\\u0442\\u0438\\u0440\\u043e\\u0432\\u0430\\u043d\\u0438\\u044f"]}}]	17	2
93	2026-04-20 19:32:13.564135+00	7	КЭЭ эверсионная (многометочная)	2	[{"changed": {"fields": ["\\u0422\\u0438\\u043f \\u0441\\u0442\\u0435\\u043d\\u0442\\u0438\\u0440\\u043e\\u0432\\u0430\\u043d\\u0438\\u044f"]}}]	17	2
94	2026-04-20 20:17:15.100124+00	26	Запуск прогноза для Иванов Иван Иванович	3		19	2
95	2026-04-20 20:17:15.10015+00	25	Запуск прогноза для Иванов Иван Иванович	3		19	2
96	2026-04-20 20:17:15.100162+00	24	Запуск прогноза для Петров Иван Сергеевич	3		19	2
97	2026-04-20 20:17:15.100171+00	23	Запуск прогноза для Иванов Иван Иванович	3		19	2
98	2026-04-20 20:17:15.100181+00	22	Запуск прогноза для Кузнецова Ольга Павловна	3		19	2
99	2026-04-20 20:21:50.483302+00	29	Запуск прогноза для Иванов Иван Иванович	3		19	2
100	2026-04-20 20:21:50.48333+00	28	Запуск прогноза для Смирнов Алексей Игоревич	3		19	2
101	2026-04-20 20:21:50.483342+00	27	Запуск прогноза для Смирнов Алексей Игоревич	3		19	2
102	2026-04-20 20:21:50.483352+00	21	Запуск прогноза для Кузнецова Ольга Павловна	3		19	2
103	2026-04-20 20:21:50.48336+00	20	Запуск прогноза для Кузнецова Ольга Павловна	3		19	2
104	2026-04-21 12:24:53.614183+00	70	Запуск прогноза для Смирнов Алексей Игоревич	3		19	2
105	2026-04-21 12:24:53.61423+00	69	Запуск прогноза для Смирнов Алексей Игоревич	3		19	2
106	2026-04-21 12:24:53.614249+00	68	Запуск прогноза для Иванова Мария Александровна	3		19	2
107	2026-04-21 12:24:53.614263+00	67	Запуск прогноза для Иванов Иван Иванович	3		19	2
108	2026-04-21 12:24:53.614276+00	66	Запуск прогноза для Смирнов Алексей Игоревич	3		19	2
109	2026-04-21 12:24:53.614295+00	65	Запуск прогноза для Петров Иван Сергеевич	3		19	2
110	2026-04-21 12:24:53.614321+00	64	Запуск прогноза для Петров Иван Сергеевич	3		19	2
111	2026-04-21 12:24:53.614345+00	63	Запуск прогноза для Смирнов Алексей Игоревич	3		19	2
112	2026-04-21 12:29:23.904508+00	73	Запуск прогноза для Иванова Мария Александровна	3		19	2
113	2026-04-21 12:29:23.904629+00	72	Запуск прогноза для Петров Иван Сергеевич	3		19	2
114	2026-04-21 12:29:23.904657+00	71	Запуск прогноза для Волков Сергей Николаевич	3		19	2
115	2026-04-21 12:29:23.904679+00	30	Запуск прогноза для Иванова Мария Александровна	3		19	2
116	2026-04-21 12:35:30.145615+00	77	Запуск прогноза для Петров Иван Сергеевич	3		19	2
117	2026-04-21 12:35:30.145658+00	76	Запуск прогноза для Кузнецова Ольга Павловна	3		19	2
118	2026-04-21 12:35:30.145684+00	75	Запуск прогноза для Петров Иван Сергеевич	3		19	2
119	2026-04-21 12:35:30.145704+00	74	Запуск прогноза для Иванова Мария Александровна	3		19	2
120	2026-04-24 15:36:33.087624+00	89	Запуск прогноза для Кузнецова Ольга Павловна	2	[{"changed": {"fields": ["\\u0418\\u0434\\u0435\\u043d\\u0442\\u0438\\u0444\\u0438\\u043a\\u0430\\u0442\\u043e\\u0440 \\u0437\\u0430\\u0434\\u0430\\u0447\\u0438 \\u0432 Celery"]}}]	19	2
121	2026-04-24 16:40:48.09516+00	3	3 степень тяжести	2	[{"changed": {"fields": ["\\u0421\\u043b\\u0430\\u0433"]}}]	21	2
122	2026-04-24 16:40:54.544435+00	2	2 степень тяжести	2	[{"changed": {"fields": ["\\u0421\\u043b\\u0430\\u0433"]}}]	21	2
123	2026-04-24 16:40:59.350684+00	1	1 степень тяжести	2	[{"changed": {"fields": ["\\u0421\\u043b\\u0430\\u0433"]}}]	21	2
124	2026-04-26 15:25:54.728525+00	86	Запуск прогноза для Иванов Иван Иванович	3		19	2
125	2026-04-26 15:26:06.374814+00	5	Запуск прогноза для Кузнецова Ольга Павловна	3		19	2
126	2026-04-26 15:39:19.802907+00	107	Запуск прогноза для Иванова Мария Александровна	1	[{"added": {}}]	19	2
127	2026-04-26 15:39:40.160045+00	108	Запуск прогноза для Смирнов Алексей Игоревич	1	[{"added": {}}]	19	2
\.


--
-- Data for Name: django_celery_beat_clockedschedule; Type: TABLE DATA; Schema: public; Owner: postgres
--

COPY public.django_celery_beat_clockedschedule (id, clocked_time) FROM stdin;
\.


--
-- Data for Name: django_celery_beat_crontabschedule; Type: TABLE DATA; Schema: public; Owner: postgres
--

COPY public.django_celery_beat_crontabschedule (id, minute, hour, day_of_week, day_of_month, month_of_year, timezone) FROM stdin;
1	0	4	*	*	*	Europe/Moscow
\.


--
-- Data for Name: django_celery_beat_intervalschedule; Type: TABLE DATA; Schema: public; Owner: postgres
--

COPY public.django_celery_beat_intervalschedule (id, every, period) FROM stdin;
\.


--
-- Data for Name: django_celery_beat_periodictask; Type: TABLE DATA; Schema: public; Owner: postgres
--

COPY public.django_celery_beat_periodictask (id, name, task, args, kwargs, queue, exchange, routing_key, expires, enabled, last_run_at, total_run_count, date_changed, description, crontab_id, interval_id, solar_id, one_off, start_time, priority, headers, clocked_id, expire_seconds) FROM stdin;
1	celery.backend_cleanup	celery.backend_cleanup	[]	{}	\N	\N	\N	\N	t	\N	0	2026-04-26 14:27:42.034495+00		1	\N	\N	f	\N	\N	{}	\N	43200
\.


--
-- Data for Name: django_celery_beat_periodictasks; Type: TABLE DATA; Schema: public; Owner: postgres
--

COPY public.django_celery_beat_periodictasks (ident, last_update) FROM stdin;
1	2026-04-26 14:27:42.035152+00
\.


--
-- Data for Name: django_celery_beat_solarschedule; Type: TABLE DATA; Schema: public; Owner: postgres
--

COPY public.django_celery_beat_solarschedule (id, event, latitude, longitude) FROM stdin;
\.


--
-- Data for Name: django_content_type; Type: TABLE DATA; Schema: public; Owner: postgres
--

COPY public.django_content_type (id, app_label, model) FROM stdin;
1	sites	site
2	admin	logentry
3	auth	permission
4	auth	group
5	contenttypes	contenttype
6	sessions	session
7	token_blacklist	blacklistedtoken
8	token_blacklist	outstandingtoken
9	django_celery_beat	crontabschedule
10	django_celery_beat	intervalschedule
11	django_celery_beat	periodictask
12	django_celery_beat	periodictasks
13	django_celery_beat	solarschedule
14	django_celery_beat	clockedschedule
15	cabinet	predictionuser
16	cabinet	medicalcard
17	ml_service	mlmodel
18	ml_service	mlmodelmetric
19	cabinet	predictionrun
20	cabinet	complication
21	cabinet	complicationgroup
22	cabinet	prediction
23	cabinet	stentingtype
\.


--
-- Data for Name: django_migrations; Type: TABLE DATA; Schema: public; Owner: postgres
--

COPY public.django_migrations (id, app, name, applied) FROM stdin;
1	contenttypes	0001_initial	2026-04-10 20:01:08.929063+00
2	contenttypes	0002_remove_content_type_name	2026-04-10 20:01:08.934824+00
3	auth	0001_initial	2026-04-10 20:01:08.975415+00
4	auth	0002_alter_permission_name_max_length	2026-04-10 20:01:08.980478+00
5	auth	0003_alter_user_email_max_length	2026-04-10 20:01:08.984191+00
6	auth	0004_alter_user_username_opts	2026-04-10 20:01:08.98792+00
7	auth	0005_alter_user_last_login_null	2026-04-10 20:01:08.992482+00
8	auth	0006_require_contenttypes_0002	2026-04-10 20:01:08.993799+00
9	auth	0007_alter_validators_add_error_messages	2026-04-10 20:01:09.021049+00
10	auth	0008_alter_user_username_max_length	2026-04-10 20:01:09.02502+00
11	auth	0009_alter_user_last_name_max_length	2026-04-10 20:01:09.028943+00
12	auth	0010_alter_group_name_max_length	2026-04-10 20:01:09.033681+00
13	auth	0011_update_proxy_permissions	2026-04-10 20:01:09.036979+00
14	auth	0012_alter_user_first_name_max_length	2026-04-10 20:01:09.040777+00
15	cabinet	0001_initial	2026-04-10 20:01:09.07157+00
16	admin	0001_initial	2026-04-10 20:01:09.085627+00
17	admin	0002_logentry_remove_auto_add	2026-04-10 20:01:09.089579+00
18	admin	0003_logentry_add_action_flag_choices	2026-04-10 20:01:09.09362+00
19	django_celery_beat	0001_initial	2026-04-10 20:01:09.138403+00
20	django_celery_beat	0002_auto_20161118_0346	2026-04-10 20:01:09.146868+00
21	django_celery_beat	0003_auto_20161209_0049	2026-04-10 20:01:09.15159+00
22	django_celery_beat	0004_auto_20170221_0000	2026-04-10 20:01:09.154383+00
23	django_celery_beat	0005_add_solarschedule_events_choices	2026-04-10 20:01:09.156757+00
24	django_celery_beat	0006_auto_20180322_0932	2026-04-10 20:01:09.176284+00
25	django_celery_beat	0007_auto_20180521_0826	2026-04-10 20:01:09.186892+00
26	django_celery_beat	0008_auto_20180914_1922	2026-04-10 20:01:09.20516+00
27	django_celery_beat	0006_auto_20180210_1226	2026-04-10 20:01:09.216078+00
28	django_celery_beat	0006_periodictask_priority	2026-04-10 20:01:09.22132+00
29	django_celery_beat	0009_periodictask_headers	2026-04-10 20:01:09.227317+00
30	django_celery_beat	0010_auto_20190429_0326	2026-04-10 20:01:09.341198+00
31	django_celery_beat	0011_auto_20190508_0153	2026-04-10 20:01:09.353352+00
32	django_celery_beat	0012_periodictask_expire_seconds	2026-04-10 20:01:09.35928+00
33	django_celery_beat	0013_auto_20200609_0727	2026-04-10 20:01:09.401493+00
34	django_celery_beat	0014_remove_clockedschedule_enabled	2026-04-10 20:01:09.404601+00
35	django_celery_beat	0015_edit_solarschedule_events_choices	2026-04-10 20:01:09.407298+00
36	django_celery_beat	0016_alter_crontabschedule_timezone	2026-04-10 20:01:09.413192+00
37	django_celery_beat	0017_alter_crontabschedule_month_of_year	2026-04-10 20:01:09.418301+00
38	django_celery_beat	0018_improve_crontab_helptext	2026-04-10 20:01:09.422837+00
39	django_celery_beat	0019_alter_periodictasks_options	2026-04-10 20:01:09.424595+00
40	sessions	0001_initial	2026-04-10 20:01:09.435162+00
41	sites	0001_initial	2026-04-10 20:01:09.438669+00
42	sites	0002_alter_domain_unique	2026-04-10 20:01:09.444235+00
43	token_blacklist	0001_initial	2026-04-10 20:01:09.466272+00
44	token_blacklist	0002_outstandingtoken_jti_hex	2026-04-10 20:01:09.470286+00
45	token_blacklist	0003_auto_20171017_2007	2026-04-10 20:01:09.481145+00
46	token_blacklist	0004_auto_20171017_2013	2026-04-10 20:01:09.489059+00
47	token_blacklist	0005_remove_outstandingtoken_jti	2026-04-10 20:01:09.493273+00
48	token_blacklist	0006_auto_20171017_2113	2026-04-10 20:01:09.498406+00
49	token_blacklist	0007_auto_20171017_2214	2026-04-10 20:01:09.516258+00
50	token_blacklist	0008_migrate_to_bigautofield	2026-04-10 20:01:09.544258+00
51	token_blacklist	0010_fix_migrate_to_bigautofield	2026-04-10 20:01:09.552543+00
52	token_blacklist	0011_linearizes_history	2026-04-10 20:01:09.553801+00
53	token_blacklist	0012_alter_outstandingtoken_user	2026-04-10 20:01:09.558157+00
55	cabinet	0002_medicalcard_predictionuser_start_date	2026-04-19 18:24:58.730728+00
56	ml_service	0001_initial	2026-04-19 18:38:36.328064+00
57	cabinet	0003_complication_complicationgroup_stentingtype_and_more	2026-04-19 19:05:13.397291+00
58	cabinet	0004_alter_medicalcard_degree_of_stenosis_of_the_internal_carotid_artery	2026-04-19 19:45:51.168209+00
59	cabinet	0005_predictionrun_is_test	2026-04-20 11:12:14.767339+00
60	cabinet	0006_alter_predictionrun_status	2026-04-20 11:16:53.17203+00
61	cabinet	0007_alter_predictionrun_occlusion_time_and_more	2026-04-20 11:22:19.201911+00
62	cabinet	0008_alter_predictionrun_occlusion_time_and_more	2026-04-20 11:23:33.751585+00
63	cabinet	0009_alter_stentingtype_unique_together_and_more	2026-04-20 11:27:28.463501+00
64	cabinet	0010_alter_predictionrun_status	2026-04-20 12:06:37.104435+00
65	cabinet	0011_medicalcard_created_by	2026-04-20 16:56:55.350551+00
66	cabinet	0012_medicalcard_is_test	2026-04-20 16:59:44.999803+00
67	cabinet	0013_alter_predictionrun_status	2026-04-20 17:26:07.776981+00
68	ml_service	0002_alter_mlmodel_type	2026-04-20 19:20:38.350265+00
69	cabinet	0014_stentingtype_slug	2026-04-20 19:27:53.875218+00
70	cabinet	0015_alter_stentingtype_slug	2026-04-20 19:28:50.749253+00
71	ml_service	0003_mlmodel_stenting_type	2026-04-20 19:30:59.742164+00
72	cabinet	0016_predictionrun_task_id	2026-04-24 15:32:32.008585+00
73	ml_service	0004_mlmodel_order	2026-04-24 16:15:36.56849+00
75	ml_service	0005_alter_mlmodel_options	2026-04-24 16:16:42.12221+00
76	ml_service	0006_alter_mlmodel_order	2026-04-24 16:17:04.656312+00
77	cabinet	0017_complicationgroup_slug	2026-04-24 16:40:34.977904+00
78	cabinet	0018_alter_complicationgroup_name_and_more	2026-04-24 16:41:21.499666+00
\.


--
-- Data for Name: django_session; Type: TABLE DATA; Schema: public; Owner: postgres
--

COPY public.django_session (session_key, session_data, expire_date) FROM stdin;
xw29t01imar8ehm6lhw1eg5ig4m2lqbf	.eJxVjEEOgjAQRe_StWnoTOkwLt17BjJMi0VNSSisjHdXEha6_e-9_zK9bGvut5qWformbMCcfrdB9JHKDuJdym22Opd1mQa7K_ag1V7nmJ6Xw_07yFLztx4b4LbFAKMQKSakhnyIHhVBMIjvAMKgoszEHDW2jhw6Yk8MnVPz_gC6tjaW:1wElIg:8gjL9TiQiWLjFJpdAVbn43i448fsAtTGcp4Z5tRXEdA	2026-05-04 09:52:18.318783+00
kialv9temqecpkqbf307h3nklcisarm9	.eJxVjEEOgjAQRe_StWnoTOkwLt17BjJMi0VNSSisjHdXEha6_e-9_zK9bGvut5qWformbMCcfrdB9JHKDuJdym22Opd1mQa7K_ag1V7nmJ6Xw_07yFLztx4b4LbFAKMQKSakhnyIHhVBMIjvAMKgoszEHDW2jhw6Yk8MnVPz_gC6tjaW:1wElJh:LkiTxHTBUuH00SEeq1covCMcNJPcXHt4QTtRpWK-eW0	2026-05-04 09:53:21.27519+00
7r7jk4mhkaldxdyiy1nrwyub0q7hz74f	.eJxVjEEOgjAQRe_StWnoTOkwLt17BjJMi0VNSSisjHdXEha6_e-9_zK9bGvut5qWformbMCcfrdB9JHKDuJdym22Opd1mQa7K_ag1V7nmJ6Xw_07yFLztx4b4LbFAKMQKSakhnyIHhVBMIjvAMKgoszEHDW2jhw6Yk8MnVPz_gC6tjaW:1wElKK:RCvMNN--np131EJ7c_upS4thIsPLAh2H60bXC-hNOkg	2026-05-04 09:54:00.1834+00
qoz272hmwg9kv2z0x17sde79toyoafvp	.eJxVjEEOgjAQRe_StWnoTOkwLt17BjJMi0VNSSisjHdXEha6_e-9_zK9bGvut5qWformbMCcfrdB9JHKDuJdym22Opd1mQa7K_ag1V7nmJ6Xw_07yFLztx4b4LbFAKMQKSakhnyIHhVBMIjvAMKgoszEHDW2jhw6Yk8MnVPz_gC6tjaW:1wElxO:R-gsXh6XNxr_WEn6TpkABqkxLcwjRpaK9oVb9XpSiHE	2026-05-04 10:34:22.437401+00
msptmqwms5ctbgyfaskmkje4mf15qnyo	.eJxVjEEOgjAQRe_StWnoTOkwLt17BjJMi0VNSSisjHdXEha6_e-9_zK9bGvut5qWformbMCcfrdB9JHKDuJdym22Opd1mQa7K_ag1V7nmJ6Xw_07yFLztx4b4LbFAKMQKSakhnyIHhVBMIjvAMKgoszEHDW2jhw6Yk8MnVPz_gC6tjaW:1wFHN2:g7mMAb5lX9XP0H0bki-QkkLwhCIkI3Q3TgyPBHdGNb4	2026-05-05 20:06:56.980769+00
\.


--
-- Data for Name: django_site; Type: TABLE DATA; Schema: public; Owner: postgres
--

COPY public.django_site (id, domain, name) FROM stdin;
1	example.com	example.com
\.


--
-- Data for Name: ml_service_mlmodel; Type: TABLE DATA; Schema: public; Owner: postgres
--

COPY public.ml_service_mlmodel (id, created_at, updated_at, name, slug, type, preprocessing_method, description, stenting_type_id, "order") FROM stdin;
1	2026-04-20 18:53:54.218664+00	2026-04-24 16:15:36.565723+00	КАС	cas	binary	-	-	1	0
2	2026-04-20 18:55:33.767049+00	2026-04-24 16:15:36.566428+00	КЭЭ классическая	cee_classic	binary	-	-	2	1
3	2026-04-20 18:55:54.91591+00	2026-04-24 16:15:36.566836+00	КЭЭ эверсионная	cee_eversional	binary	-	-	3	2
4	2026-04-20 18:56:20.958951+00	2026-04-24 16:15:36.567167+00	КЭЭ гломуссохраняющая	cee_preserve_glomus	binary	-	-	5	3
5	2026-04-20 18:57:28.769801+00	2026-04-24 16:15:36.567513+00	КАС (многометочная)	cas_multi_label	multi_label	-	-	1	4
6	2026-04-20 18:58:03.566043+00	2026-04-24 16:15:36.567838+00	КЭЭ классическая (многометочная)	cee_classic_multi_label	multi_label	-	-	2	5
7	2026-04-20 18:58:51.36318+00	2026-04-24 16:15:36.568141+00	КЭЭ эверсионная (многометочная)	cee_eversional_multi_label	multi_label	-	-	3	6
\.


--
-- Data for Name: ml_service_mlmodelmetric; Type: TABLE DATA; Schema: public; Owner: postgres
--

COPY public.ml_service_mlmodelmetric (id, created_at, updated_at, accuracy, recall, "precision", f1_score, roc_auc, phase, dataset_version, ml_model_id) FROM stdin;
\.


--
-- Data for Name: token_blacklist_blacklistedtoken; Type: TABLE DATA; Schema: public; Owner: postgres
--

COPY public.token_blacklist_blacklistedtoken (id, blacklisted_at, token_id) FROM stdin;
\.


--
-- Data for Name: token_blacklist_outstandingtoken; Type: TABLE DATA; Schema: public; Owner: postgres
--

COPY public.token_blacklist_outstandingtoken (id, token, created_at, expires_at, user_id, jti) FROM stdin;
\.


--
-- Name: auth_group_id_seq; Type: SEQUENCE SET; Schema: public; Owner: postgres
--

SELECT pg_catalog.setval('public.auth_group_id_seq', 5, true);


--
-- Name: auth_group_permissions_id_seq; Type: SEQUENCE SET; Schema: public; Owner: postgres
--

SELECT pg_catalog.setval('public.auth_group_permissions_id_seq', 8, true);


--
-- Name: auth_permission_id_seq; Type: SEQUENCE SET; Schema: public; Owner: postgres
--

SELECT pg_catalog.setval('public.auth_permission_id_seq', 92, true);


--
-- Name: cabinet_complication_id_seq; Type: SEQUENCE SET; Schema: public; Owner: postgres
--

SELECT pg_catalog.setval('public.cabinet_complication_id_seq', 8, true);


--
-- Name: cabinet_complicationgroup_complications_id_seq; Type: SEQUENCE SET; Schema: public; Owner: postgres
--

SELECT pg_catalog.setval('public.cabinet_complicationgroup_complications_id_seq', 8, true);


--
-- Name: cabinet_complicationgroup_id_seq; Type: SEQUENCE SET; Schema: public; Owner: postgres
--

SELECT pg_catalog.setval('public.cabinet_complicationgroup_id_seq', 3, true);


--
-- Name: cabinet_medicalcard_id_seq; Type: SEQUENCE SET; Schema: public; Owner: postgres
--

SELECT pg_catalog.setval('public.cabinet_medicalcard_id_seq', 7, true);


--
-- Name: cabinet_prediction_id_seq; Type: SEQUENCE SET; Schema: public; Owner: postgres
--

SELECT pg_catalog.setval('public.cabinet_prediction_id_seq', 107, true);


--
-- Name: cabinet_predictionrun_id_seq; Type: SEQUENCE SET; Schema: public; Owner: postgres
--

SELECT pg_catalog.setval('public.cabinet_predictionrun_id_seq', 108, true);


--
-- Name: cabinet_predictionuser_groups_id_seq; Type: SEQUENCE SET; Schema: public; Owner: postgres
--

SELECT pg_catalog.setval('public.cabinet_predictionuser_groups_id_seq', 10, true);


--
-- Name: cabinet_predictionuser_id_seq; Type: SEQUENCE SET; Schema: public; Owner: postgres
--

SELECT pg_catalog.setval('public.cabinet_predictionuser_id_seq', 7, true);


--
-- Name: cabinet_predictionuser_user_permissions_id_seq; Type: SEQUENCE SET; Schema: public; Owner: postgres
--

SELECT pg_catalog.setval('public.cabinet_predictionuser_user_permissions_id_seq', 1, false);


--
-- Name: cabinet_stentingtype_id_seq; Type: SEQUENCE SET; Schema: public; Owner: postgres
--

SELECT pg_catalog.setval('public.cabinet_stentingtype_id_seq', 5, true);


--
-- Name: django_admin_log_id_seq; Type: SEQUENCE SET; Schema: public; Owner: postgres
--

SELECT pg_catalog.setval('public.django_admin_log_id_seq', 127, true);


--
-- Name: django_celery_beat_clockedschedule_id_seq; Type: SEQUENCE SET; Schema: public; Owner: postgres
--

SELECT pg_catalog.setval('public.django_celery_beat_clockedschedule_id_seq', 1, false);


--
-- Name: django_celery_beat_crontabschedule_id_seq; Type: SEQUENCE SET; Schema: public; Owner: postgres
--

SELECT pg_catalog.setval('public.django_celery_beat_crontabschedule_id_seq', 1, true);


--
-- Name: django_celery_beat_intervalschedule_id_seq; Type: SEQUENCE SET; Schema: public; Owner: postgres
--

SELECT pg_catalog.setval('public.django_celery_beat_intervalschedule_id_seq', 1, false);


--
-- Name: django_celery_beat_periodictask_id_seq; Type: SEQUENCE SET; Schema: public; Owner: postgres
--

SELECT pg_catalog.setval('public.django_celery_beat_periodictask_id_seq', 1, true);


--
-- Name: django_celery_beat_solarschedule_id_seq; Type: SEQUENCE SET; Schema: public; Owner: postgres
--

SELECT pg_catalog.setval('public.django_celery_beat_solarschedule_id_seq', 1, false);


--
-- Name: django_content_type_id_seq; Type: SEQUENCE SET; Schema: public; Owner: postgres
--

SELECT pg_catalog.setval('public.django_content_type_id_seq', 23, true);


--
-- Name: django_migrations_id_seq; Type: SEQUENCE SET; Schema: public; Owner: postgres
--

SELECT pg_catalog.setval('public.django_migrations_id_seq', 78, true);


--
-- Name: django_site_id_seq; Type: SEQUENCE SET; Schema: public; Owner: postgres
--

SELECT pg_catalog.setval('public.django_site_id_seq', 1, true);


--
-- Name: ml_service_mlmodel_id_seq; Type: SEQUENCE SET; Schema: public; Owner: postgres
--

SELECT pg_catalog.setval('public.ml_service_mlmodel_id_seq', 7, true);


--
-- Name: ml_service_mlmodelmetric_id_seq; Type: SEQUENCE SET; Schema: public; Owner: postgres
--

SELECT pg_catalog.setval('public.ml_service_mlmodelmetric_id_seq', 1, false);


--
-- Name: token_blacklist_blacklistedtoken_id_seq; Type: SEQUENCE SET; Schema: public; Owner: postgres
--

SELECT pg_catalog.setval('public.token_blacklist_blacklistedtoken_id_seq', 1, false);


--
-- Name: token_blacklist_outstandingtoken_id_seq; Type: SEQUENCE SET; Schema: public; Owner: postgres
--

SELECT pg_catalog.setval('public.token_blacklist_outstandingtoken_id_seq', 1, false);


--
-- Name: auth_group auth_group_name_key; Type: CONSTRAINT; Schema: public; Owner: postgres
--

ALTER TABLE ONLY public.auth_group
    ADD CONSTRAINT auth_group_name_key UNIQUE (name);


--
-- Name: auth_group_permissions auth_group_permissions_group_id_permission_id_0cd325b0_uniq; Type: CONSTRAINT; Schema: public; Owner: postgres
--

ALTER TABLE ONLY public.auth_group_permissions
    ADD CONSTRAINT auth_group_permissions_group_id_permission_id_0cd325b0_uniq UNIQUE (group_id, permission_id);


--
-- Name: auth_group_permissions auth_group_permissions_pkey; Type: CONSTRAINT; Schema: public; Owner: postgres
--

ALTER TABLE ONLY public.auth_group_permissions
    ADD CONSTRAINT auth_group_permissions_pkey PRIMARY KEY (id);


--
-- Name: auth_group auth_group_pkey; Type: CONSTRAINT; Schema: public; Owner: postgres
--

ALTER TABLE ONLY public.auth_group
    ADD CONSTRAINT auth_group_pkey PRIMARY KEY (id);


--
-- Name: auth_permission auth_permission_content_type_id_codename_01ab375a_uniq; Type: CONSTRAINT; Schema: public; Owner: postgres
--

ALTER TABLE ONLY public.auth_permission
    ADD CONSTRAINT auth_permission_content_type_id_codename_01ab375a_uniq UNIQUE (content_type_id, codename);


--
-- Name: auth_permission auth_permission_pkey; Type: CONSTRAINT; Schema: public; Owner: postgres
--

ALTER TABLE ONLY public.auth_permission
    ADD CONSTRAINT auth_permission_pkey PRIMARY KEY (id);


--
-- Name: cabinet_complication cabinet_complication_pkey; Type: CONSTRAINT; Schema: public; Owner: postgres
--

ALTER TABLE ONLY public.cabinet_complication
    ADD CONSTRAINT cabinet_complication_pkey PRIMARY KEY (id);


--
-- Name: cabinet_complicationgroup_complications cabinet_complicationgrou_complicationgroup_id_com_b6b1c422_uniq; Type: CONSTRAINT; Schema: public; Owner: postgres
--

ALTER TABLE ONLY public.cabinet_complicationgroup_complications
    ADD CONSTRAINT cabinet_complicationgrou_complicationgroup_id_com_b6b1c422_uniq UNIQUE (complicationgroup_id, complication_id);


--
-- Name: cabinet_complicationgroup_complications cabinet_complicationgroup_complications_pkey; Type: CONSTRAINT; Schema: public; Owner: postgres
--

ALTER TABLE ONLY public.cabinet_complicationgroup_complications
    ADD CONSTRAINT cabinet_complicationgroup_complications_pkey PRIMARY KEY (id);


--
-- Name: cabinet_complicationgroup cabinet_complicationgroup_name_bdb2ac12_uniq; Type: CONSTRAINT; Schema: public; Owner: postgres
--

ALTER TABLE ONLY public.cabinet_complicationgroup
    ADD CONSTRAINT cabinet_complicationgroup_name_bdb2ac12_uniq UNIQUE (name);


--
-- Name: cabinet_complicationgroup cabinet_complicationgroup_pkey; Type: CONSTRAINT; Schema: public; Owner: postgres
--

ALTER TABLE ONLY public.cabinet_complicationgroup
    ADD CONSTRAINT cabinet_complicationgroup_pkey PRIMARY KEY (id);


--
-- Name: cabinet_complicationgroup cabinet_complicationgroup_slug_23d5139a_uniq; Type: CONSTRAINT; Schema: public; Owner: postgres
--

ALTER TABLE ONLY public.cabinet_complicationgroup
    ADD CONSTRAINT cabinet_complicationgroup_slug_23d5139a_uniq UNIQUE (slug);


--
-- Name: cabinet_medicalcard cabinet_medicalcard_pkey; Type: CONSTRAINT; Schema: public; Owner: postgres
--

ALTER TABLE ONLY public.cabinet_medicalcard
    ADD CONSTRAINT cabinet_medicalcard_pkey PRIMARY KEY (id);


--
-- Name: cabinet_prediction cabinet_prediction_pkey; Type: CONSTRAINT; Schema: public; Owner: postgres
--

ALTER TABLE ONLY public.cabinet_prediction
    ADD CONSTRAINT cabinet_prediction_pkey PRIMARY KEY (id);


--
-- Name: cabinet_predictionrun cabinet_predictionrun_pkey; Type: CONSTRAINT; Schema: public; Owner: postgres
--

ALTER TABLE ONLY public.cabinet_predictionrun
    ADD CONSTRAINT cabinet_predictionrun_pkey PRIMARY KEY (id);


--
-- Name: cabinet_predictionuser_groups cabinet_predictionuser_g_predictionuser_id_group__24c53290_uniq; Type: CONSTRAINT; Schema: public; Owner: postgres
--

ALTER TABLE ONLY public.cabinet_predictionuser_groups
    ADD CONSTRAINT cabinet_predictionuser_g_predictionuser_id_group__24c53290_uniq UNIQUE (predictionuser_id, group_id);


--
-- Name: cabinet_predictionuser_groups cabinet_predictionuser_groups_pkey; Type: CONSTRAINT; Schema: public; Owner: postgres
--

ALTER TABLE ONLY public.cabinet_predictionuser_groups
    ADD CONSTRAINT cabinet_predictionuser_groups_pkey PRIMARY KEY (id);


--
-- Name: cabinet_predictionuser cabinet_predictionuser_pkey; Type: CONSTRAINT; Schema: public; Owner: postgres
--

ALTER TABLE ONLY public.cabinet_predictionuser
    ADD CONSTRAINT cabinet_predictionuser_pkey PRIMARY KEY (id);


--
-- Name: cabinet_predictionuser_user_permissions cabinet_predictionuser_u_predictionuser_id_permis_80f097d0_uniq; Type: CONSTRAINT; Schema: public; Owner: postgres
--

ALTER TABLE ONLY public.cabinet_predictionuser_user_permissions
    ADD CONSTRAINT cabinet_predictionuser_u_predictionuser_id_permis_80f097d0_uniq UNIQUE (predictionuser_id, permission_id);


--
-- Name: cabinet_predictionuser_user_permissions cabinet_predictionuser_user_permissions_pkey; Type: CONSTRAINT; Schema: public; Owner: postgres
--

ALTER TABLE ONLY public.cabinet_predictionuser_user_permissions
    ADD CONSTRAINT cabinet_predictionuser_user_permissions_pkey PRIMARY KEY (id);


--
-- Name: cabinet_predictionuser cabinet_predictionuser_username_key; Type: CONSTRAINT; Schema: public; Owner: postgres
--

ALTER TABLE ONLY public.cabinet_predictionuser
    ADD CONSTRAINT cabinet_predictionuser_username_key UNIQUE (username);


--
-- Name: cabinet_stentingtype cabinet_stentingtype_pkey; Type: CONSTRAINT; Schema: public; Owner: postgres
--

ALTER TABLE ONLY public.cabinet_stentingtype
    ADD CONSTRAINT cabinet_stentingtype_pkey PRIMARY KEY (id);


--
-- Name: cabinet_stentingtype cabinet_stentingtype_slug_e84fcf8b_uniq; Type: CONSTRAINT; Schema: public; Owner: postgres
--

ALTER TABLE ONLY public.cabinet_stentingtype
    ADD CONSTRAINT cabinet_stentingtype_slug_e84fcf8b_uniq UNIQUE (slug);


--
-- Name: django_admin_log django_admin_log_pkey; Type: CONSTRAINT; Schema: public; Owner: postgres
--

ALTER TABLE ONLY public.django_admin_log
    ADD CONSTRAINT django_admin_log_pkey PRIMARY KEY (id);


--
-- Name: django_celery_beat_clockedschedule django_celery_beat_clockedschedule_pkey; Type: CONSTRAINT; Schema: public; Owner: postgres
--

ALTER TABLE ONLY public.django_celery_beat_clockedschedule
    ADD CONSTRAINT django_celery_beat_clockedschedule_pkey PRIMARY KEY (id);


--
-- Name: django_celery_beat_crontabschedule django_celery_beat_crontabschedule_pkey; Type: CONSTRAINT; Schema: public; Owner: postgres
--

ALTER TABLE ONLY public.django_celery_beat_crontabschedule
    ADD CONSTRAINT django_celery_beat_crontabschedule_pkey PRIMARY KEY (id);


--
-- Name: django_celery_beat_intervalschedule django_celery_beat_intervalschedule_pkey; Type: CONSTRAINT; Schema: public; Owner: postgres
--

ALTER TABLE ONLY public.django_celery_beat_intervalschedule
    ADD CONSTRAINT django_celery_beat_intervalschedule_pkey PRIMARY KEY (id);


--
-- Name: django_celery_beat_periodictask django_celery_beat_periodictask_name_key; Type: CONSTRAINT; Schema: public; Owner: postgres
--

ALTER TABLE ONLY public.django_celery_beat_periodictask
    ADD CONSTRAINT django_celery_beat_periodictask_name_key UNIQUE (name);


--
-- Name: django_celery_beat_periodictask django_celery_beat_periodictask_pkey; Type: CONSTRAINT; Schema: public; Owner: postgres
--

ALTER TABLE ONLY public.django_celery_beat_periodictask
    ADD CONSTRAINT django_celery_beat_periodictask_pkey PRIMARY KEY (id);


--
-- Name: django_celery_beat_periodictasks django_celery_beat_periodictasks_pkey; Type: CONSTRAINT; Schema: public; Owner: postgres
--

ALTER TABLE ONLY public.django_celery_beat_periodictasks
    ADD CONSTRAINT django_celery_beat_periodictasks_pkey PRIMARY KEY (ident);


--
-- Name: django_celery_beat_solarschedule django_celery_beat_solar_event_latitude_longitude_ba64999a_uniq; Type: CONSTRAINT; Schema: public; Owner: postgres
--

ALTER TABLE ONLY public.django_celery_beat_solarschedule
    ADD CONSTRAINT django_celery_beat_solar_event_latitude_longitude_ba64999a_uniq UNIQUE (event, latitude, longitude);


--
-- Name: django_celery_beat_solarschedule django_celery_beat_solarschedule_pkey; Type: CONSTRAINT; Schema: public; Owner: postgres
--

ALTER TABLE ONLY public.django_celery_beat_solarschedule
    ADD CONSTRAINT django_celery_beat_solarschedule_pkey PRIMARY KEY (id);


--
-- Name: django_content_type django_content_type_app_label_model_76bd3d3b_uniq; Type: CONSTRAINT; Schema: public; Owner: postgres
--

ALTER TABLE ONLY public.django_content_type
    ADD CONSTRAINT django_content_type_app_label_model_76bd3d3b_uniq UNIQUE (app_label, model);


--
-- Name: django_content_type django_content_type_pkey; Type: CONSTRAINT; Schema: public; Owner: postgres
--

ALTER TABLE ONLY public.django_content_type
    ADD CONSTRAINT django_content_type_pkey PRIMARY KEY (id);


--
-- Name: django_migrations django_migrations_pkey; Type: CONSTRAINT; Schema: public; Owner: postgres
--

ALTER TABLE ONLY public.django_migrations
    ADD CONSTRAINT django_migrations_pkey PRIMARY KEY (id);


--
-- Name: django_session django_session_pkey; Type: CONSTRAINT; Schema: public; Owner: postgres
--

ALTER TABLE ONLY public.django_session
    ADD CONSTRAINT django_session_pkey PRIMARY KEY (session_key);


--
-- Name: django_site django_site_domain_a2e37b91_uniq; Type: CONSTRAINT; Schema: public; Owner: postgres
--

ALTER TABLE ONLY public.django_site
    ADD CONSTRAINT django_site_domain_a2e37b91_uniq UNIQUE (domain);


--
-- Name: django_site django_site_pkey; Type: CONSTRAINT; Schema: public; Owner: postgres
--

ALTER TABLE ONLY public.django_site
    ADD CONSTRAINT django_site_pkey PRIMARY KEY (id);


--
-- Name: ml_service_mlmodel ml_service_mlmodel_name_key; Type: CONSTRAINT; Schema: public; Owner: postgres
--

ALTER TABLE ONLY public.ml_service_mlmodel
    ADD CONSTRAINT ml_service_mlmodel_name_key UNIQUE (name);


--
-- Name: ml_service_mlmodel ml_service_mlmodel_order_d6eede4b_uniq; Type: CONSTRAINT; Schema: public; Owner: postgres
--

ALTER TABLE ONLY public.ml_service_mlmodel
    ADD CONSTRAINT ml_service_mlmodel_order_d6eede4b_uniq UNIQUE ("order");


--
-- Name: ml_service_mlmodel ml_service_mlmodel_pkey; Type: CONSTRAINT; Schema: public; Owner: postgres
--

ALTER TABLE ONLY public.ml_service_mlmodel
    ADD CONSTRAINT ml_service_mlmodel_pkey PRIMARY KEY (id);


--
-- Name: ml_service_mlmodel ml_service_mlmodel_slug_key; Type: CONSTRAINT; Schema: public; Owner: postgres
--

ALTER TABLE ONLY public.ml_service_mlmodel
    ADD CONSTRAINT ml_service_mlmodel_slug_key UNIQUE (slug);


--
-- Name: ml_service_mlmodelmetric ml_service_mlmodelmetric_pkey; Type: CONSTRAINT; Schema: public; Owner: postgres
--

ALTER TABLE ONLY public.ml_service_mlmodelmetric
    ADD CONSTRAINT ml_service_mlmodelmetric_pkey PRIMARY KEY (id);


--
-- Name: token_blacklist_blacklistedtoken token_blacklist_blacklistedtoken_pkey; Type: CONSTRAINT; Schema: public; Owner: postgres
--

ALTER TABLE ONLY public.token_blacklist_blacklistedtoken
    ADD CONSTRAINT token_blacklist_blacklistedtoken_pkey PRIMARY KEY (id);


--
-- Name: token_blacklist_blacklistedtoken token_blacklist_blacklistedtoken_token_id_key; Type: CONSTRAINT; Schema: public; Owner: postgres
--

ALTER TABLE ONLY public.token_blacklist_blacklistedtoken
    ADD CONSTRAINT token_blacklist_blacklistedtoken_token_id_key UNIQUE (token_id);


--
-- Name: token_blacklist_outstandingtoken token_blacklist_outstandingtoken_jti_hex_d9bdf6f7_uniq; Type: CONSTRAINT; Schema: public; Owner: postgres
--

ALTER TABLE ONLY public.token_blacklist_outstandingtoken
    ADD CONSTRAINT token_blacklist_outstandingtoken_jti_hex_d9bdf6f7_uniq UNIQUE (jti);


--
-- Name: token_blacklist_outstandingtoken token_blacklist_outstandingtoken_pkey; Type: CONSTRAINT; Schema: public; Owner: postgres
--

ALTER TABLE ONLY public.token_blacklist_outstandingtoken
    ADD CONSTRAINT token_blacklist_outstandingtoken_pkey PRIMARY KEY (id);


--
-- Name: auth_group_name_a6ea08ec_like; Type: INDEX; Schema: public; Owner: postgres
--

CREATE INDEX auth_group_name_a6ea08ec_like ON public.auth_group USING btree (name varchar_pattern_ops);


--
-- Name: auth_group_permissions_group_id_b120cbf9; Type: INDEX; Schema: public; Owner: postgres
--

CREATE INDEX auth_group_permissions_group_id_b120cbf9 ON public.auth_group_permissions USING btree (group_id);


--
-- Name: auth_group_permissions_permission_id_84c5c92e; Type: INDEX; Schema: public; Owner: postgres
--

CREATE INDEX auth_group_permissions_permission_id_84c5c92e ON public.auth_group_permissions USING btree (permission_id);


--
-- Name: auth_permission_content_type_id_2f476e4b; Type: INDEX; Schema: public; Owner: postgres
--

CREATE INDEX auth_permission_content_type_id_2f476e4b ON public.auth_permission USING btree (content_type_id);


--
-- Name: cabinet_complicationgroup__complication_id_c89aa85b; Type: INDEX; Schema: public; Owner: postgres
--

CREATE INDEX cabinet_complicationgroup__complication_id_c89aa85b ON public.cabinet_complicationgroup_complications USING btree (complication_id);


--
-- Name: cabinet_complicationgroup__complicationgroup_id_dfae08fb; Type: INDEX; Schema: public; Owner: postgres
--

CREATE INDEX cabinet_complicationgroup__complicationgroup_id_dfae08fb ON public.cabinet_complicationgroup_complications USING btree (complicationgroup_id);


--
-- Name: cabinet_complicationgroup_name_bdb2ac12_like; Type: INDEX; Schema: public; Owner: postgres
--

CREATE INDEX cabinet_complicationgroup_name_bdb2ac12_like ON public.cabinet_complicationgroup USING btree (name varchar_pattern_ops);


--
-- Name: cabinet_complicationgroup_slug_23d5139a_like; Type: INDEX; Schema: public; Owner: postgres
--

CREATE INDEX cabinet_complicationgroup_slug_23d5139a_like ON public.cabinet_complicationgroup USING btree (slug varchar_pattern_ops);


--
-- Name: cabinet_medicalcard_created_by_id_b578dbdc; Type: INDEX; Schema: public; Owner: postgres
--

CREATE INDEX cabinet_medicalcard_created_by_id_b578dbdc ON public.cabinet_medicalcard USING btree (created_by_id);


--
-- Name: cabinet_prediction_complication_group_id_1b96b5db; Type: INDEX; Schema: public; Owner: postgres
--

CREATE INDEX cabinet_prediction_complication_group_id_1b96b5db ON public.cabinet_prediction USING btree (complication_group_id);


--
-- Name: cabinet_prediction_ml_model_id_798430a0; Type: INDEX; Schema: public; Owner: postgres
--

CREATE INDEX cabinet_prediction_ml_model_id_798430a0 ON public.cabinet_prediction USING btree (ml_model_id);


--
-- Name: cabinet_prediction_prediction_run_id_a62e9d32; Type: INDEX; Schema: public; Owner: postgres
--

CREATE INDEX cabinet_prediction_prediction_run_id_a62e9d32 ON public.cabinet_prediction USING btree (prediction_run_id);


--
-- Name: cabinet_prediction_stenting_type_id_b34eb213; Type: INDEX; Schema: public; Owner: postgres
--

CREATE INDEX cabinet_prediction_stenting_type_id_b34eb213 ON public.cabinet_prediction USING btree (stenting_type_id);


--
-- Name: cabinet_predictionrun_anesthesist_id_9b848568; Type: INDEX; Schema: public; Owner: postgres
--

CREATE INDEX cabinet_predictionrun_anesthesist_id_9b848568 ON public.cabinet_predictionrun USING btree (anesthesist_id);


--
-- Name: cabinet_predictionrun_medical_card_id_89c1ab35; Type: INDEX; Schema: public; Owner: postgres
--

CREATE INDEX cabinet_predictionrun_medical_card_id_89c1ab35 ON public.cabinet_predictionrun USING btree (medical_card_id);


--
-- Name: cabinet_predictionrun_stenting_type_id_cd4f5970; Type: INDEX; Schema: public; Owner: postgres
--

CREATE INDEX cabinet_predictionrun_stenting_type_id_cd4f5970 ON public.cabinet_predictionrun USING btree (stenting_type_id);


--
-- Name: cabinet_predictionrun_surgeon_id_c9f7aad5; Type: INDEX; Schema: public; Owner: postgres
--

CREATE INDEX cabinet_predictionrun_surgeon_id_c9f7aad5 ON public.cabinet_predictionrun USING btree (surgeon_id);


--
-- Name: cabinet_predictionuser_groups_group_id_c8f5701a; Type: INDEX; Schema: public; Owner: postgres
--

CREATE INDEX cabinet_predictionuser_groups_group_id_c8f5701a ON public.cabinet_predictionuser_groups USING btree (group_id);


--
-- Name: cabinet_predictionuser_groups_predictionuser_id_70bd64de; Type: INDEX; Schema: public; Owner: postgres
--

CREATE INDEX cabinet_predictionuser_groups_predictionuser_id_70bd64de ON public.cabinet_predictionuser_groups USING btree (predictionuser_id);


--
-- Name: cabinet_predictionuser_use_predictionuser_id_ce1ad684; Type: INDEX; Schema: public; Owner: postgres
--

CREATE INDEX cabinet_predictionuser_use_predictionuser_id_ce1ad684 ON public.cabinet_predictionuser_user_permissions USING btree (predictionuser_id);


--
-- Name: cabinet_predictionuser_user_permissions_permission_id_d164f3c0; Type: INDEX; Schema: public; Owner: postgres
--

CREATE INDEX cabinet_predictionuser_user_permissions_permission_id_d164f3c0 ON public.cabinet_predictionuser_user_permissions USING btree (permission_id);


--
-- Name: cabinet_predictionuser_username_7f1d26ae_like; Type: INDEX; Schema: public; Owner: postgres
--

CREATE INDEX cabinet_predictionuser_username_7f1d26ae_like ON public.cabinet_predictionuser USING btree (username varchar_pattern_ops);


--
-- Name: cabinet_stentingtype_slug_e84fcf8b_like; Type: INDEX; Schema: public; Owner: postgres
--

CREATE INDEX cabinet_stentingtype_slug_e84fcf8b_like ON public.cabinet_stentingtype USING btree (slug varchar_pattern_ops);


--
-- Name: django_admin_log_content_type_id_c4bce8eb; Type: INDEX; Schema: public; Owner: postgres
--

CREATE INDEX django_admin_log_content_type_id_c4bce8eb ON public.django_admin_log USING btree (content_type_id);


--
-- Name: django_admin_log_user_id_c564eba6; Type: INDEX; Schema: public; Owner: postgres
--

CREATE INDEX django_admin_log_user_id_c564eba6 ON public.django_admin_log USING btree (user_id);


--
-- Name: django_celery_beat_periodictask_clocked_id_47a69f82; Type: INDEX; Schema: public; Owner: postgres
--

CREATE INDEX django_celery_beat_periodictask_clocked_id_47a69f82 ON public.django_celery_beat_periodictask USING btree (clocked_id);


--
-- Name: django_celery_beat_periodictask_crontab_id_d3cba168; Type: INDEX; Schema: public; Owner: postgres
--

CREATE INDEX django_celery_beat_periodictask_crontab_id_d3cba168 ON public.django_celery_beat_periodictask USING btree (crontab_id);


--
-- Name: django_celery_beat_periodictask_interval_id_a8ca27da; Type: INDEX; Schema: public; Owner: postgres
--

CREATE INDEX django_celery_beat_periodictask_interval_id_a8ca27da ON public.django_celery_beat_periodictask USING btree (interval_id);


--
-- Name: django_celery_beat_periodictask_name_265a36b7_like; Type: INDEX; Schema: public; Owner: postgres
--

CREATE INDEX django_celery_beat_periodictask_name_265a36b7_like ON public.django_celery_beat_periodictask USING btree (name varchar_pattern_ops);


--
-- Name: django_celery_beat_periodictask_solar_id_a87ce72c; Type: INDEX; Schema: public; Owner: postgres
--

CREATE INDEX django_celery_beat_periodictask_solar_id_a87ce72c ON public.django_celery_beat_periodictask USING btree (solar_id);


--
-- Name: django_session_expire_date_a5c62663; Type: INDEX; Schema: public; Owner: postgres
--

CREATE INDEX django_session_expire_date_a5c62663 ON public.django_session USING btree (expire_date);


--
-- Name: django_session_session_key_c0390e0f_like; Type: INDEX; Schema: public; Owner: postgres
--

CREATE INDEX django_session_session_key_c0390e0f_like ON public.django_session USING btree (session_key varchar_pattern_ops);


--
-- Name: django_site_domain_a2e37b91_like; Type: INDEX; Schema: public; Owner: postgres
--

CREATE INDEX django_site_domain_a2e37b91_like ON public.django_site USING btree (domain varchar_pattern_ops);


--
-- Name: ml_service_mlmodel_name_0f9855da_like; Type: INDEX; Schema: public; Owner: postgres
--

CREATE INDEX ml_service_mlmodel_name_0f9855da_like ON public.ml_service_mlmodel USING btree (name varchar_pattern_ops);


--
-- Name: ml_service_mlmodel_slug_a5f188e5_like; Type: INDEX; Schema: public; Owner: postgres
--

CREATE INDEX ml_service_mlmodel_slug_a5f188e5_like ON public.ml_service_mlmodel USING btree (slug varchar_pattern_ops);


--
-- Name: ml_service_mlmodel_stenting_type_id_59504106; Type: INDEX; Schema: public; Owner: postgres
--

CREATE INDEX ml_service_mlmodel_stenting_type_id_59504106 ON public.ml_service_mlmodel USING btree (stenting_type_id);


--
-- Name: ml_service_mlmodelmetric_ml_model_id_8bedb0e6; Type: INDEX; Schema: public; Owner: postgres
--

CREATE INDEX ml_service_mlmodelmetric_ml_model_id_8bedb0e6 ON public.ml_service_mlmodelmetric USING btree (ml_model_id);


--
-- Name: token_blacklist_outstandingtoken_jti_hex_d9bdf6f7_like; Type: INDEX; Schema: public; Owner: postgres
--

CREATE INDEX token_blacklist_outstandingtoken_jti_hex_d9bdf6f7_like ON public.token_blacklist_outstandingtoken USING btree (jti varchar_pattern_ops);


--
-- Name: token_blacklist_outstandingtoken_user_id_83bc629a; Type: INDEX; Schema: public; Owner: postgres
--

CREATE INDEX token_blacklist_outstandingtoken_user_id_83bc629a ON public.token_blacklist_outstandingtoken USING btree (user_id);


--
-- Name: auth_group_permissions auth_group_permissio_permission_id_84c5c92e_fk_auth_perm; Type: FK CONSTRAINT; Schema: public; Owner: postgres
--

ALTER TABLE ONLY public.auth_group_permissions
    ADD CONSTRAINT auth_group_permissio_permission_id_84c5c92e_fk_auth_perm FOREIGN KEY (permission_id) REFERENCES public.auth_permission(id) DEFERRABLE INITIALLY DEFERRED;


--
-- Name: auth_group_permissions auth_group_permissions_group_id_b120cbf9_fk_auth_group_id; Type: FK CONSTRAINT; Schema: public; Owner: postgres
--

ALTER TABLE ONLY public.auth_group_permissions
    ADD CONSTRAINT auth_group_permissions_group_id_b120cbf9_fk_auth_group_id FOREIGN KEY (group_id) REFERENCES public.auth_group(id) DEFERRABLE INITIALLY DEFERRED;


--
-- Name: auth_permission auth_permission_content_type_id_2f476e4b_fk_django_co; Type: FK CONSTRAINT; Schema: public; Owner: postgres
--

ALTER TABLE ONLY public.auth_permission
    ADD CONSTRAINT auth_permission_content_type_id_2f476e4b_fk_django_co FOREIGN KEY (content_type_id) REFERENCES public.django_content_type(id) DEFERRABLE INITIALLY DEFERRED;


--
-- Name: cabinet_complicationgroup_complications cabinet_complication_complication_id_c89aa85b_fk_cabinet_c; Type: FK CONSTRAINT; Schema: public; Owner: postgres
--

ALTER TABLE ONLY public.cabinet_complicationgroup_complications
    ADD CONSTRAINT cabinet_complication_complication_id_c89aa85b_fk_cabinet_c FOREIGN KEY (complication_id) REFERENCES public.cabinet_complication(id) DEFERRABLE INITIALLY DEFERRED;


--
-- Name: cabinet_complicationgroup_complications cabinet_complication_complicationgroup_id_dfae08fb_fk_cabinet_c; Type: FK CONSTRAINT; Schema: public; Owner: postgres
--

ALTER TABLE ONLY public.cabinet_complicationgroup_complications
    ADD CONSTRAINT cabinet_complication_complicationgroup_id_dfae08fb_fk_cabinet_c FOREIGN KEY (complicationgroup_id) REFERENCES public.cabinet_complicationgroup(id) DEFERRABLE INITIALLY DEFERRED;


--
-- Name: cabinet_medicalcard cabinet_medicalcard_created_by_id_b578dbdc_fk_cabinet_p; Type: FK CONSTRAINT; Schema: public; Owner: postgres
--

ALTER TABLE ONLY public.cabinet_medicalcard
    ADD CONSTRAINT cabinet_medicalcard_created_by_id_b578dbdc_fk_cabinet_p FOREIGN KEY (created_by_id) REFERENCES public.cabinet_predictionuser(id) DEFERRABLE INITIALLY DEFERRED;


--
-- Name: cabinet_prediction cabinet_prediction_complication_group_i_1b96b5db_fk_cabinet_c; Type: FK CONSTRAINT; Schema: public; Owner: postgres
--

ALTER TABLE ONLY public.cabinet_prediction
    ADD CONSTRAINT cabinet_prediction_complication_group_i_1b96b5db_fk_cabinet_c FOREIGN KEY (complication_group_id) REFERENCES public.cabinet_complicationgroup(id) DEFERRABLE INITIALLY DEFERRED;


--
-- Name: cabinet_prediction cabinet_prediction_ml_model_id_798430a0_fk_ml_servic; Type: FK CONSTRAINT; Schema: public; Owner: postgres
--

ALTER TABLE ONLY public.cabinet_prediction
    ADD CONSTRAINT cabinet_prediction_ml_model_id_798430a0_fk_ml_servic FOREIGN KEY (ml_model_id) REFERENCES public.ml_service_mlmodel(id) DEFERRABLE INITIALLY DEFERRED;


--
-- Name: cabinet_prediction cabinet_prediction_prediction_run_id_a62e9d32_fk_cabinet_p; Type: FK CONSTRAINT; Schema: public; Owner: postgres
--

ALTER TABLE ONLY public.cabinet_prediction
    ADD CONSTRAINT cabinet_prediction_prediction_run_id_a62e9d32_fk_cabinet_p FOREIGN KEY (prediction_run_id) REFERENCES public.cabinet_predictionrun(id) DEFERRABLE INITIALLY DEFERRED;


--
-- Name: cabinet_prediction cabinet_prediction_stenting_type_id_b34eb213_fk_cabinet_s; Type: FK CONSTRAINT; Schema: public; Owner: postgres
--

ALTER TABLE ONLY public.cabinet_prediction
    ADD CONSTRAINT cabinet_prediction_stenting_type_id_b34eb213_fk_cabinet_s FOREIGN KEY (stenting_type_id) REFERENCES public.cabinet_stentingtype(id) DEFERRABLE INITIALLY DEFERRED;


--
-- Name: cabinet_predictionrun cabinet_predictionru_anesthesist_id_9b848568_fk_cabinet_p; Type: FK CONSTRAINT; Schema: public; Owner: postgres
--

ALTER TABLE ONLY public.cabinet_predictionrun
    ADD CONSTRAINT cabinet_predictionru_anesthesist_id_9b848568_fk_cabinet_p FOREIGN KEY (anesthesist_id) REFERENCES public.cabinet_predictionuser(id) DEFERRABLE INITIALLY DEFERRED;


--
-- Name: cabinet_predictionrun cabinet_predictionru_medical_card_id_89c1ab35_fk_cabinet_m; Type: FK CONSTRAINT; Schema: public; Owner: postgres
--

ALTER TABLE ONLY public.cabinet_predictionrun
    ADD CONSTRAINT cabinet_predictionru_medical_card_id_89c1ab35_fk_cabinet_m FOREIGN KEY (medical_card_id) REFERENCES public.cabinet_medicalcard(id) DEFERRABLE INITIALLY DEFERRED;


--
-- Name: cabinet_predictionrun cabinet_predictionru_stenting_type_id_cd4f5970_fk_cabinet_s; Type: FK CONSTRAINT; Schema: public; Owner: postgres
--

ALTER TABLE ONLY public.cabinet_predictionrun
    ADD CONSTRAINT cabinet_predictionru_stenting_type_id_cd4f5970_fk_cabinet_s FOREIGN KEY (stenting_type_id) REFERENCES public.cabinet_stentingtype(id) DEFERRABLE INITIALLY DEFERRED;


--
-- Name: cabinet_predictionrun cabinet_predictionru_surgeon_id_c9f7aad5_fk_cabinet_p; Type: FK CONSTRAINT; Schema: public; Owner: postgres
--

ALTER TABLE ONLY public.cabinet_predictionrun
    ADD CONSTRAINT cabinet_predictionru_surgeon_id_c9f7aad5_fk_cabinet_p FOREIGN KEY (surgeon_id) REFERENCES public.cabinet_predictionuser(id) DEFERRABLE INITIALLY DEFERRED;


--
-- Name: cabinet_predictionuser_groups cabinet_predictionus_group_id_c8f5701a_fk_auth_grou; Type: FK CONSTRAINT; Schema: public; Owner: postgres
--

ALTER TABLE ONLY public.cabinet_predictionuser_groups
    ADD CONSTRAINT cabinet_predictionus_group_id_c8f5701a_fk_auth_grou FOREIGN KEY (group_id) REFERENCES public.auth_group(id) DEFERRABLE INITIALLY DEFERRED;


--
-- Name: cabinet_predictionuser_user_permissions cabinet_predictionus_permission_id_d164f3c0_fk_auth_perm; Type: FK CONSTRAINT; Schema: public; Owner: postgres
--

ALTER TABLE ONLY public.cabinet_predictionuser_user_permissions
    ADD CONSTRAINT cabinet_predictionus_permission_id_d164f3c0_fk_auth_perm FOREIGN KEY (permission_id) REFERENCES public.auth_permission(id) DEFERRABLE INITIALLY DEFERRED;


--
-- Name: cabinet_predictionuser_groups cabinet_predictionus_predictionuser_id_70bd64de_fk_cabinet_p; Type: FK CONSTRAINT; Schema: public; Owner: postgres
--

ALTER TABLE ONLY public.cabinet_predictionuser_groups
    ADD CONSTRAINT cabinet_predictionus_predictionuser_id_70bd64de_fk_cabinet_p FOREIGN KEY (predictionuser_id) REFERENCES public.cabinet_predictionuser(id) DEFERRABLE INITIALLY DEFERRED;


--
-- Name: cabinet_predictionuser_user_permissions cabinet_predictionus_predictionuser_id_ce1ad684_fk_cabinet_p; Type: FK CONSTRAINT; Schema: public; Owner: postgres
--

ALTER TABLE ONLY public.cabinet_predictionuser_user_permissions
    ADD CONSTRAINT cabinet_predictionus_predictionuser_id_ce1ad684_fk_cabinet_p FOREIGN KEY (predictionuser_id) REFERENCES public.cabinet_predictionuser(id) DEFERRABLE INITIALLY DEFERRED;


--
-- Name: django_admin_log django_admin_log_content_type_id_c4bce8eb_fk_django_co; Type: FK CONSTRAINT; Schema: public; Owner: postgres
--

ALTER TABLE ONLY public.django_admin_log
    ADD CONSTRAINT django_admin_log_content_type_id_c4bce8eb_fk_django_co FOREIGN KEY (content_type_id) REFERENCES public.django_content_type(id) DEFERRABLE INITIALLY DEFERRED;


--
-- Name: django_admin_log django_admin_log_user_id_c564eba6_fk_cabinet_predictionuser_id; Type: FK CONSTRAINT; Schema: public; Owner: postgres
--

ALTER TABLE ONLY public.django_admin_log
    ADD CONSTRAINT django_admin_log_user_id_c564eba6_fk_cabinet_predictionuser_id FOREIGN KEY (user_id) REFERENCES public.cabinet_predictionuser(id) DEFERRABLE INITIALLY DEFERRED;


--
-- Name: django_celery_beat_periodictask django_celery_beat_p_clocked_id_47a69f82_fk_django_ce; Type: FK CONSTRAINT; Schema: public; Owner: postgres
--

ALTER TABLE ONLY public.django_celery_beat_periodictask
    ADD CONSTRAINT django_celery_beat_p_clocked_id_47a69f82_fk_django_ce FOREIGN KEY (clocked_id) REFERENCES public.django_celery_beat_clockedschedule(id) DEFERRABLE INITIALLY DEFERRED;


--
-- Name: django_celery_beat_periodictask django_celery_beat_p_crontab_id_d3cba168_fk_django_ce; Type: FK CONSTRAINT; Schema: public; Owner: postgres
--

ALTER TABLE ONLY public.django_celery_beat_periodictask
    ADD CONSTRAINT django_celery_beat_p_crontab_id_d3cba168_fk_django_ce FOREIGN KEY (crontab_id) REFERENCES public.django_celery_beat_crontabschedule(id) DEFERRABLE INITIALLY DEFERRED;


--
-- Name: django_celery_beat_periodictask django_celery_beat_p_interval_id_a8ca27da_fk_django_ce; Type: FK CONSTRAINT; Schema: public; Owner: postgres
--

ALTER TABLE ONLY public.django_celery_beat_periodictask
    ADD CONSTRAINT django_celery_beat_p_interval_id_a8ca27da_fk_django_ce FOREIGN KEY (interval_id) REFERENCES public.django_celery_beat_intervalschedule(id) DEFERRABLE INITIALLY DEFERRED;


--
-- Name: django_celery_beat_periodictask django_celery_beat_p_solar_id_a87ce72c_fk_django_ce; Type: FK CONSTRAINT; Schema: public; Owner: postgres
--

ALTER TABLE ONLY public.django_celery_beat_periodictask
    ADD CONSTRAINT django_celery_beat_p_solar_id_a87ce72c_fk_django_ce FOREIGN KEY (solar_id) REFERENCES public.django_celery_beat_solarschedule(id) DEFERRABLE INITIALLY DEFERRED;


--
-- Name: ml_service_mlmodel ml_service_mlmodel_stenting_type_id_59504106_fk_cabinet_s; Type: FK CONSTRAINT; Schema: public; Owner: postgres
--

ALTER TABLE ONLY public.ml_service_mlmodel
    ADD CONSTRAINT ml_service_mlmodel_stenting_type_id_59504106_fk_cabinet_s FOREIGN KEY (stenting_type_id) REFERENCES public.cabinet_stentingtype(id) DEFERRABLE INITIALLY DEFERRED;


--
-- Name: ml_service_mlmodelmetric ml_service_mlmodelme_ml_model_id_8bedb0e6_fk_ml_servic; Type: FK CONSTRAINT; Schema: public; Owner: postgres
--

ALTER TABLE ONLY public.ml_service_mlmodelmetric
    ADD CONSTRAINT ml_service_mlmodelme_ml_model_id_8bedb0e6_fk_ml_servic FOREIGN KEY (ml_model_id) REFERENCES public.ml_service_mlmodel(id) DEFERRABLE INITIALLY DEFERRED;


--
-- Name: token_blacklist_blacklistedtoken token_blacklist_blacklistedtoken_token_id_3cc7fe56_fk; Type: FK CONSTRAINT; Schema: public; Owner: postgres
--

ALTER TABLE ONLY public.token_blacklist_blacklistedtoken
    ADD CONSTRAINT token_blacklist_blacklistedtoken_token_id_3cc7fe56_fk FOREIGN KEY (token_id) REFERENCES public.token_blacklist_outstandingtoken(id) DEFERRABLE INITIALLY DEFERRED;


--
-- Name: token_blacklist_outstandingtoken token_blacklist_outs_user_id_83bc629a_fk_cabinet_p; Type: FK CONSTRAINT; Schema: public; Owner: postgres
--

ALTER TABLE ONLY public.token_blacklist_outstandingtoken
    ADD CONSTRAINT token_blacklist_outs_user_id_83bc629a_fk_cabinet_p FOREIGN KEY (user_id) REFERENCES public.cabinet_predictionuser(id) DEFERRABLE INITIALLY DEFERRED;


--
-- PostgreSQL database dump complete
--

\unrestrict dRam1sSalPXglz91CgdmeaklwqkRZqHKPqF9liBGXwU2c4oEjxSCXjc5SumQU5W

